document_id,filename,lote,item,campo,valor_verdade,pag,"bbox (x1,y1,x2,y2)",fonte (tabela/parágrafo/cabeçalho),comentario_annot
9c3336e3265685b4117502c61aae7b26f245a5dfd26e0c3868c552c32ea67418,edital12.pdf,,8.1,lote,,64,"40.50,290.50,556.85,307.91",tabela,batch
9c3336e3265685b4117502c61aae7b26f245a5dfd26e0c3868c552c32ea67418,edital12.pdf,,8.1,item,8.1,64,"40.50,290.50,556.85,307.91",tabela,batch
9c3336e3265685b4117502c61aae7b26f245a5dfd26e0c3868c552c32ea67418,edital12.pdf,,8.1,nome do produto,"Será exigida a prestação de garantia contratual, nos termos dos arts. 96 e seguintes da Lei",64,"40.50,290.50,556.85,307.91",tabela,batch
9c3336e3265685b4117502c61aae7b26f245a5dfd26e0c3868c552c32ea67418,edital12.pdf,,8.1,quantidade,96,64,"40.50,290.50,556.85,307.91",tabela,batch
9c3336e3265685b4117502c61aae7b26f245a5dfd26e0c3868c552c32ea67418,edital12.pdf,,8.1,normas_técnicas,ABNT NBR 13962; NBR 13; NR 17,23,,cabeçalho,batch
f04cc97b68d79d543b3527b75cd2d3d0ba82ea1dbfc137228929885ae55d98ae,edital11.pdf,,17,lote,,55,,tabela,batch
f04cc97b68d79d543b3527b75cd2d3d0ba82ea1dbfc137228929885ae55d98ae,edital11.pdf,,17,item,17,55,,tabela,batch
f04cc97b68d79d543b3527b75cd2d3d0ba82ea1dbfc137228929885ae55d98ae,edital11.pdf,,17,nome do produto,"30 ESTANTE EM AÇO: Composto por: 1. 06 (seis) prateleiras r eguláveis: 1.1 fabricadas em chapa 19, com, no mínimo",55,,tabela,batch
f04cc97b68d79d543b3527b75cd2d3d0ba82ea1dbfc137228929885ae55d98ae,edital11.pdf,,17,quantidade,198,55,,tabela,batch
f04cc97b68d79d543b3527b75cd2d3d0ba82ea1dbfc137228929885ae55d98ae,edital11.pdf,,30,lote,,55,"36.60,374.28,566.52,562.10",tabela,batch
f04cc97b68d79d543b3527b75cd2d3d0ba82ea1dbfc137228929885ae55d98ae,edital11.pdf,,30,item,30,55,"36.60,374.28,566.52,562.10",tabela,batch
f04cc97b68d79d543b3527b75cd2d3d0ba82ea1dbfc137228929885ae55d98ae,edital11.pdf,,30,nome do produto,"ESTANTE EM AÇO:Composto por:1. 06 (seis) prateleiras reguláveis:1.1 fabricadas em chapa 19, com, no mínimo, 1 (um)",55,"36.60,374.28,566.52,562.10",tabela,batch
f04cc97b68d79d543b3527b75cd2d3d0ba82ea1dbfc137228929885ae55d98ae,edital11.pdf,,30,quantidade,198,55,"36.60,374.28,566.52,562.10",tabela,batch
f04cc97b68d79d543b3527b75cd2d3d0ba82ea1dbfc137228929885ae55d98ae,edital11.pdf,,17,amostra,False,35,,cabeçalho,batch
f04cc97b68d79d543b3527b75cd2d3d0ba82ea1dbfc137228929885ae55d98ae,edital11.pdf,,17,garantia,5,48,,cabeçalho,batch
f04cc97b68d79d543b3527b75cd2d3d0ba82ea1dbfc137228929885ae55d98ae,edital11.pdf,,17,normas_técnicas,NBR 14136,42,,cabeçalho,batch
f04cc97b68d79d543b3527b75cd2d3d0ba82ea1dbfc137228929885ae55d98ae,edital11.pdf,,30,amostra,False,35,,cabeçalho,batch
f04cc97b68d79d543b3527b75cd2d3d0ba82ea1dbfc137228929885ae55d98ae,edital11.pdf,,30,garantia,5,48,,cabeçalho,batch
f04cc97b68d79d543b3527b75cd2d3d0ba82ea1dbfc137228929885ae55d98ae,edital11.pdf,,30,normas_técnicas,NBR 14136,42,,cabeçalho,batch
34a76e3efff465abe775dfe1f77667035c75d5655c6775dee8e530edb05c1c55,edital 9.pdf,,1,lote,,40,"55.66,480.17,550.03,536.32",tabela,batch
34a76e3efff465abe775dfe1f77667035c75d5655c6775dee8e530edb05c1c55,edital 9.pdf,,1,item,1,40,"55.66,480.17,550.03,536.32",tabela,batch
34a76e3efff465abe775dfe1f77667035c75d5655c6775dee8e530edb05c1c55,edital 9.pdf,,1,nome do produto,UN MCADEIRA TIPO POLTRONA GIRATÓRIA PADRÃO MAGISTRADO SERVIDOR ARCA/MODELO: 200,40,"55.66,480.17,550.03,536.32",tabela,batch
34a76e3efff465abe775dfe1f77667035c75d5655c6775dee8e530edb05c1c55,edital 9.pdf,,1,quantidade,200,40,"55.66,480.17,550.03,536.32",tabela,batch
34a76e3efff465abe775dfe1f77667035c75d5655c6775dee8e530edb05c1c55,edital 9.pdf,,2,lote,,42,"54.69,485.21,549.37,675.74",tabela,batch
34a76e3efff465abe775dfe1f77667035c75d5655c6775dee8e530edb05c1c55,edital 9.pdf,,2,item,2,42,"54.69,485.21,549.37,675.74",tabela,batch
34a76e3efff465abe775dfe1f77667035c75d5655c6775dee8e530edb05c1c55,edital 9.pdf,,2,nome do produto,UN LONGARINA,42,"54.69,485.21,549.37,675.74",tabela,batch
34a76e3efff465abe775dfe1f77667035c75d5655c6775dee8e530edb05c1c55,edital 9.pdf,,2,quantidade,3,42,"54.69,485.21,549.37,675.74",tabela,batch
34a76e3efff465abe775dfe1f77667035c75d5655c6775dee8e530edb05c1c55,edital 9.pdf,,3,lote,,42,"54.68,147.46,549.37,381.79",tabela,batch
34a76e3efff465abe775dfe1f77667035c75d5655c6775dee8e530edb05c1c55,edital 9.pdf,,3,item,3,42,"54.68,147.46,549.37,381.79",tabela,batch
34a76e3efff465abe775dfe1f77667035c75d5655c6775dee8e530edb05c1c55,edital 9.pdf,,3,nome do produto,UN SOFÁ DE,42,"54.68,147.46,549.37,381.79",tabela,batch
34a76e3efff465abe775dfe1f77667035c75d5655c6775dee8e530edb05c1c55,edital 9.pdf,,3,quantidade,3,42,"54.68,147.46,549.37,381.79",tabela,batch
34a76e3efff465abe775dfe1f77667035c75d5655c6775dee8e530edb05c1c55,edital 9.pdf,,4,lote,,43,"54.70,468.65,549.37,702.62",tabela,batch
34a76e3efff465abe775dfe1f77667035c75d5655c6775dee8e530edb05c1c55,edital 9.pdf,,4,item,4,43,"54.70,468.65,549.37,702.62",tabela,batch
34a76e3efff465abe775dfe1f77667035c75d5655c6775dee8e530edb05c1c55,edital 9.pdf,,4,nome do produto,UN SOFÁ DE,43,"54.70,468.65,549.37,702.62",tabela,batch
34a76e3efff465abe775dfe1f77667035c75d5655c6775dee8e530edb05c1c55,edital 9.pdf,,4,quantidade,2,43,"54.70,468.65,549.37,702.62",tabela,batch
34a76e3efff465abe775dfe1f77667035c75d5655c6775dee8e530edb05c1c55,edital 9.pdf,,5,lote,,43,"54.70,232.77,549.37,468.65",tabela,batch
34a76e3efff465abe775dfe1f77667035c75d5655c6775dee8e530edb05c1c55,edital 9.pdf,,5,item,5,43,"54.70,232.77,549.37,468.65",tabela,batch
34a76e3efff465abe775dfe1f77667035c75d5655c6775dee8e530edb05c1c55,edital 9.pdf,,5,nome do produto,UN SOFÁ DE,43,"54.70,232.77,549.37,468.65",tabela,batch
34a76e3efff465abe775dfe1f77667035c75d5655c6775dee8e530edb05c1c55,edital 9.pdf,,5,quantidade,1,43,"54.70,232.77,549.37,468.65",tabela,batch
34a76e3efff465abe775dfe1f77667035c75d5655c6775dee8e530edb05c1c55,edital 9.pdf,,1,normas_técnicas,ABNT NBR 10591; ABNT NBR 12984; ABNT NBR 14961; ABNT NBR 8516; ABNT NBR 8537; ABNT NBR 8619; ABNT NBR 9176; ABNT NBR 9177; ABNT NBR 9178; NBR 13962; NBR 14554; NR 17,9,,cabeçalho,batch
34a76e3efff465abe775dfe1f77667035c75d5655c6775dee8e530edb05c1c55,edital 9.pdf,,2,normas_técnicas,ABNT NBR 10591; ABNT NBR 12984; ABNT NBR 14961; ABNT NBR 8516; ABNT NBR 8537; ABNT NBR 8619; ABNT NBR 9176; ABNT NBR 9177; ABNT NBR 9178; NBR 13962; NBR 14554; NR 17,9,,cabeçalho,batch
34a76e3efff465abe775dfe1f77667035c75d5655c6775dee8e530edb05c1c55,edital 9.pdf,,3,normas_técnicas,ABNT NBR 10591; ABNT NBR 12984; ABNT NBR 14961; ABNT NBR 8516; ABNT NBR 8537; ABNT NBR 8619; ABNT NBR 9176; ABNT NBR 9177; ABNT NBR 9178; NBR 13962; NBR 14554; NR 17,9,,cabeçalho,batch
34a76e3efff465abe775dfe1f77667035c75d5655c6775dee8e530edb05c1c55,edital 9.pdf,,4,normas_técnicas,ABNT NBR 10591; ABNT NBR 12984; ABNT NBR 14961; ABNT NBR 8516; ABNT NBR 8537; ABNT NBR 8619; ABNT NBR 9176; ABNT NBR 9177; ABNT NBR 9178; NBR 13962; NBR 14554; NR 17,9,,cabeçalho,batch
34a76e3efff465abe775dfe1f77667035c75d5655c6775dee8e530edb05c1c55,edital 9.pdf,,5,normas_técnicas,ABNT NBR 10591; ABNT NBR 12984; ABNT NBR 14961; ABNT NBR 8516; ABNT NBR 8537; ABNT NBR 8619; ABNT NBR 9176; ABNT NBR 9177; ABNT NBR 9178; NBR 13962; NBR 14554; NR 17,9,,cabeçalho,batch
8595586ba2865089fde08ed3450c49dd747c9cf30f04e0d229203cf037774303,edital13.pdf,,01,lote,,31,"42.46,69.10,560.05,551.12",tabela,batch
8595586ba2865089fde08ed3450c49dd747c9cf30f04e0d229203cf037774303,edital13.pdf,,01,item,01,31,"42.46,69.10,560.05,551.12",tabela,batch
8595586ba2865089fde08ed3450c49dd747c9cf30f04e0d229203cf037774303,edital13.pdf,,01,nome do produto,SOFÁ MODULAR COM,31,"42.46,69.10,560.05,551.12",tabela,batch
8595586ba2865089fde08ed3450c49dd747c9cf30f04e0d229203cf037774303,edital13.pdf,,01,quantidade,2,31,"42.46,69.10,560.05,551.12",tabela,batch
8595586ba2865089fde08ed3450c49dd747c9cf30f04e0d229203cf037774303,edital13.pdf,,01,valor_unitario,4895.17,31,"42.46,69.10,560.05,551.12",tabela,batch
8595586ba2865089fde08ed3450c49dd747c9cf30f04e0d229203cf037774303,edital13.pdf,,02,lote,,32,"42.44,74.14,560.05,497.62",tabela,batch
8595586ba2865089fde08ed3450c49dd747c9cf30f04e0d229203cf037774303,edital13.pdf,,02,item,02,32,"42.44,74.14,560.05,497.62",tabela,batch
8595586ba2865089fde08ed3450c49dd747c9cf30f04e0d229203cf037774303,edital13.pdf,,02,nome do produto,SOFÁ MODULAR COM,32,"42.44,74.14,560.05,497.62",tabela,batch
8595586ba2865089fde08ed3450c49dd747c9cf30f04e0d229203cf037774303,edital13.pdf,,02,quantidade,1,32,"42.44,74.14,560.05,497.62",tabela,batch
8595586ba2865089fde08ed3450c49dd747c9cf30f04e0d229203cf037774303,edital13.pdf,,02,valor_unitario,1847.5,32,"42.44,74.14,560.05,497.62",tabela,batch
8595586ba2865089fde08ed3450c49dd747c9cf30f04e0d229203cf037774303,edital13.pdf,,01,normas_técnicas,ABNT NBR 15164,27,,cabeçalho,batch
8595586ba2865089fde08ed3450c49dd747c9cf30f04e0d229203cf037774303,edital13.pdf,,02,normas_técnicas,ABNT NBR 15164,27,,cabeçalho,batch
6c59e93b68f54c9173ae0cac81d224c27adcd3d1159417aa73fa025d367dcb14,edital 4.pdf,01,02,lote,01,116,"29.74,343.10,530.05,672.29",tabela,batch
6c59e93b68f54c9173ae0cac81d224c27adcd3d1159417aa73fa025d367dcb14,edital 4.pdf,01,02,item,02,116,"29.74,343.10,530.05,672.29",tabela,batch
6c59e93b68f54c9173ae0cac81d224c27adcd3d1159417aa73fa025d367dcb14,edital 4.pdf,01,02,nome do produto,Cadeira Interlocutor Tipo: Cadeira fixa baixa com quatro pés e braços fixos. • Encosto: • Material: Espuma de,116,"29.74,343.10,530.05,672.29",tabela,batch
6c59e93b68f54c9173ae0cac81d224c27adcd3d1159417aa73fa025d367dcb14,edital 4.pdf,01,02,quantidade,20,116,"29.74,343.10,530.05,672.29",tabela,batch
6c59e93b68f54c9173ae0cac81d224c27adcd3d1159417aa73fa025d367dcb14,edital 4.pdf,9,01,lote,9,115,"29.72,146.36,530.05,585.91",tabela,batch
6c59e93b68f54c9173ae0cac81d224c27adcd3d1159417aa73fa025d367dcb14,edital 4.pdf,9,01,item,01,115,"29.72,146.36,530.05,585.91",tabela,batch
6c59e93b68f54c9173ae0cac81d224c27adcd3d1159417aa73fa025d367dcb14,edital 4.pdf,9,01,nome do produto,01 POLTRONA COURSE GIRATÓRIA Especificações: Encosto: • Material da Espuma: Poliuretano laminado o Espessura da Espuma,115,"29.72,146.36,530.05,585.91",tabela,batch
6c59e93b68f54c9173ae0cac81d224c27adcd3d1159417aa73fa025d367dcb14,edital 4.pdf,9,01,quantidade,40,115,"29.72,146.36,530.05,585.91",tabela,batch
6c59e93b68f54c9173ae0cac81d224c27adcd3d1159417aa73fa025d367dcb14,edital 4.pdf,01,02,garantia,5,57,,cabeçalho,batch
6c59e93b68f54c9173ae0cac81d224c27adcd3d1159417aa73fa025d367dcb14,edital 4.pdf,01,02,normas_técnicas,ISO 14020; ISO 4628; NBR 1396; NBR 17088; NBR 5841,46,,cabeçalho,batch
6c59e93b68f54c9173ae0cac81d224c27adcd3d1159417aa73fa025d367dcb14,edital 4.pdf,9,01,garantia,5,57,,cabeçalho,batch
6c59e93b68f54c9173ae0cac81d224c27adcd3d1159417aa73fa025d367dcb14,edital 4.pdf,9,01,normas_técnicas,ISO 14020; ISO 4628; NBR 1396; NBR 17088; NBR 5841,46,,cabeçalho,batch
a4e39596802bcda737a14d93aff50b8dd399b2a963cf673445293192e500d3d5,edital 6.pdf,,28,lote,,74,,tabela,batch
a4e39596802bcda737a14d93aff50b8dd399b2a963cf673445293192e500d3d5,edital 6.pdf,,28,item,28,74,,tabela,batch
a4e39596802bcda737a14d93aff50b8dd399b2a963cf673445293192e500d3d5,edital 6.pdf,,28,nome do produto,"GAV COM CHAVE, EM MDF MESA 1,20 X 0,75, COM 2 GAV COM CHAVE, EM MDF",74,,tabela,batch
a4e39596802bcda737a14d93aff50b8dd399b2a963cf673445293192e500d3d5,edital 6.pdf,,28,quantidade,2,74,,tabela,batch
a4e39596802bcda737a14d93aff50b8dd399b2a963cf673445293192e500d3d5,edital 6.pdf,,28,valor_unitario,745.33,74,,tabela,batch
a4e39596802bcda737a14d93aff50b8dd399b2a963cf673445293192e500d3d5,edital 6.pdf,,29,lote,,75,,tabela,batch
a4e39596802bcda737a14d93aff50b8dd399b2a963cf673445293192e500d3d5,edital 6.pdf,,29,item,29,75,,tabela,batch
a4e39596802bcda737a14d93aff50b8dd399b2a963cf673445293192e500d3d5,edital 6.pdf,,29,nome do produto,"GAV COM CHAVE, EM MDF MESA 1,60 X 0,75 COM 2 GAV COM CHAVE, EM MDF",75,,tabela,batch
a4e39596802bcda737a14d93aff50b8dd399b2a963cf673445293192e500d3d5,edital 6.pdf,,29,quantidade,25,75,,tabela,batch
a4e39596802bcda737a14d93aff50b8dd399b2a963cf673445293192e500d3d5,edital 6.pdf,,29,valor_unitario,655.56,75,,tabela,batch
a4e39596802bcda737a14d93aff50b8dd399b2a963cf673445293192e500d3d5,edital 6.pdf,1,09,lote,1,68,"43.18,207.81,567.49,367.39",tabela,batch
a4e39596802bcda737a14d93aff50b8dd399b2a963cf673445293192e500d3d5,edital 6.pdf,1,09,item,09,68,"43.18,207.81,567.49,367.39",tabela,batch
a4e39596802bcda737a14d93aff50b8dd399b2a963cf673445293192e500d3d5,edital 6.pdf,1,09,nome do produto,JOGO DE MESA PLÁSTICA INFANTIL COM 4 CADEIRAS Jogo infantil composto por,68,"43.18,207.81,567.49,367.39",tabela,batch
a4e39596802bcda737a14d93aff50b8dd399b2a963cf673445293192e500d3d5,edital 6.pdf,1,09,quantidade,1,68,"43.18,207.81,567.49,367.39",tabela,batch
a4e39596802bcda737a14d93aff50b8dd399b2a963cf673445293192e500d3d5,edital 6.pdf,1,09,valor_unitario,862.67,68,"43.18,207.81,567.49,367.39",tabela,batch
a4e39596802bcda737a14d93aff50b8dd399b2a963cf673445293192e500d3d5,edital 6.pdf,1,21,lote,1,72,"43.18,23.52,567.49,36.47",tabela,batch
a4e39596802bcda737a14d93aff50b8dd399b2a963cf673445293192e500d3d5,edital 6.pdf,1,21,item,21,72,"43.18,23.52,567.49,36.47",tabela,batch
a4e39596802bcda737a14d93aff50b8dd399b2a963cf673445293192e500d3d5,edital 6.pdf,1,21,nome do produto,LONGARINA,72,"43.18,23.52,567.49,36.47",tabela,batch
a4e39596802bcda737a14d93aff50b8dd399b2a963cf673445293192e500d3d5,edital 6.pdf,1,21,quantidade,4,72,"43.18,23.52,567.49,36.47",tabela,batch
a4e39596802bcda737a14d93aff50b8dd399b2a963cf673445293192e500d3d5,edital 6.pdf,1,21,valor_unitario,1139.09,72,"43.18,23.52,567.49,36.47",tabela,batch
a4e39596802bcda737a14d93aff50b8dd399b2a963cf673445293192e500d3d5,edital 6.pdf,1,22,lote,1,73,"28.55,355.15,552.85,563.68",tabela,batch
a4e39596802bcda737a14d93aff50b8dd399b2a963cf673445293192e500d3d5,edital 6.pdf,1,22,item,22,73,"28.55,355.15,552.85,563.68",tabela,batch
a4e39596802bcda737a14d93aff50b8dd399b2a963cf673445293192e500d3d5,edital 6.pdf,1,22,nome do produto,LONGARINA,73,"28.55,355.15,552.85,563.68",tabela,batch
a4e39596802bcda737a14d93aff50b8dd399b2a963cf673445293192e500d3d5,edital 6.pdf,1,22,quantidade,3,73,"28.55,355.15,552.85,563.68",tabela,batch
a4e39596802bcda737a14d93aff50b8dd399b2a963cf673445293192e500d3d5,edital 6.pdf,1,22,valor_unitario,509.25,73,"28.55,355.15,552.85,563.68",tabela,batch
a4e39596802bcda737a14d93aff50b8dd399b2a963cf673445293192e500d3d5,edital 6.pdf,1,23,lote,1,73,"28.55,220.05,552.85,355.15",tabela,batch
a4e39596802bcda737a14d93aff50b8dd399b2a963cf673445293192e500d3d5,edital 6.pdf,1,23,item,23,73,"28.55,220.05,552.85,355.15",tabela,batch
a4e39596802bcda737a14d93aff50b8dd399b2a963cf673445293192e500d3d5,edital 6.pdf,1,23,nome do produto,LONGARINA,73,"28.55,220.05,552.85,355.15",tabela,batch
a4e39596802bcda737a14d93aff50b8dd399b2a963cf673445293192e500d3d5,edital 6.pdf,1,23,quantidade,3,73,"28.55,220.05,552.85,355.15",tabela,batch
a4e39596802bcda737a14d93aff50b8dd399b2a963cf673445293192e500d3d5,edital 6.pdf,1,23,valor_unitario,503.5,73,"28.55,220.05,552.85,355.15",tabela,batch
a4e39596802bcda737a14d93aff50b8dd399b2a963cf673445293192e500d3d5,edital 6.pdf,1,26,lote,1,74,"43.18,158.86,567.49,440.82",tabela,batch
a4e39596802bcda737a14d93aff50b8dd399b2a963cf673445293192e500d3d5,edital 6.pdf,1,26,item,26,74,"43.18,158.86,567.49,440.82",tabela,batch
a4e39596802bcda737a14d93aff50b8dd399b2a963cf673445293192e500d3d5,edital 6.pdf,1,26,nome do produto,"MESA PARA ESCRITÓRIO EM L OU ESTAÇÃO DE TRABALHO SECRETÁRIO, 2,00X1,60, EM MDF MESA PARA ESCRITÓRIO EM L OU ESTAÇÃO DE",74,"43.18,158.86,567.49,440.82",tabela,batch
a4e39596802bcda737a14d93aff50b8dd399b2a963cf673445293192e500d3d5,edital 6.pdf,1,26,quantidade,2,74,"43.18,158.86,567.49,440.82",tabela,batch
a4e39596802bcda737a14d93aff50b8dd399b2a963cf673445293192e500d3d5,edital 6.pdf,1,26,valor_unitario,1167.95,74,"43.18,158.86,567.49,440.82",tabela,batch
a4e39596802bcda737a14d93aff50b8dd399b2a963cf673445293192e500d3d5,edital 6.pdf,1,27,lote,1,74,"43.18,23.52,567.49,158.86",tabela,batch
a4e39596802bcda737a14d93aff50b8dd399b2a963cf673445293192e500d3d5,edital 6.pdf,1,27,item,27,74,"43.18,23.52,567.49,158.86",tabela,batch
a4e39596802bcda737a14d93aff50b8dd399b2a963cf673445293192e500d3d5,edital 6.pdf,1,27,nome do produto,"MESA 1,20X0,75, COM",74,"43.18,23.52,567.49,158.86",tabela,batch
a4e39596802bcda737a14d93aff50b8dd399b2a963cf673445293192e500d3d5,edital 6.pdf,1,27,quantidade,2,74,"43.18,23.52,567.49,158.86",tabela,batch
a4e39596802bcda737a14d93aff50b8dd399b2a963cf673445293192e500d3d5,edital 6.pdf,1,27,valor_unitario,745.33,74,"43.18,23.52,567.49,158.86",tabela,batch
a4e39596802bcda737a14d93aff50b8dd399b2a963cf673445293192e500d3d5,edital 6.pdf,1,28,lote,1,75,"28.55,318.43,552.85,575.92",tabela,batch
a4e39596802bcda737a14d93aff50b8dd399b2a963cf673445293192e500d3d5,edital 6.pdf,1,28,item,28,75,"28.55,318.43,552.85,575.92",tabela,batch
a4e39596802bcda737a14d93aff50b8dd399b2a963cf673445293192e500d3d5,edital 6.pdf,1,28,nome do produto,"MESA 1,60X0,75 COM",75,"28.55,318.43,552.85,575.92",tabela,batch
a4e39596802bcda737a14d93aff50b8dd399b2a963cf673445293192e500d3d5,edital 6.pdf,1,28,quantidade,2,75,"28.55,318.43,552.85,575.92",tabela,batch
a4e39596802bcda737a14d93aff50b8dd399b2a963cf673445293192e500d3d5,edital 6.pdf,1,28,valor_unitario,655.56,75,"28.55,318.43,552.85,575.92",tabela,batch
a4e39596802bcda737a14d93aff50b8dd399b2a963cf673445293192e500d3d5,edital 6.pdf,1,29,lote,1,75,"28.55,60.95,552.85,318.43",tabela,batch
a4e39596802bcda737a14d93aff50b8dd399b2a963cf673445293192e500d3d5,edital 6.pdf,1,29,item,29,75,"28.55,60.95,552.85,318.43",tabela,batch
a4e39596802bcda737a14d93aff50b8dd399b2a963cf673445293192e500d3d5,edital 6.pdf,1,29,nome do produto,"MESA COM 6 CADEIRAS, REDONDA, TAMPO GRANITO MESA COM 6 CADEIRAS, REDONDA, TAMPO GRANITO",75,"28.55,60.95,552.85,318.43",tabela,batch
a4e39596802bcda737a14d93aff50b8dd399b2a963cf673445293192e500d3d5,edital 6.pdf,1,29,quantidade,1,75,"28.55,60.95,552.85,318.43",tabela,batch
a4e39596802bcda737a14d93aff50b8dd399b2a963cf673445293192e500d3d5,edital 6.pdf,1,29,valor_unitario,1712.27,75,"28.55,60.95,552.85,318.43",tabela,batch
a4e39596802bcda737a14d93aff50b8dd399b2a963cf673445293192e500d3d5,edital 6.pdf,1,30,lote,1,75,"28.55,23.52,552.85,60.95",tabela,batch
a4e39596802bcda737a14d93aff50b8dd399b2a963cf673445293192e500d3d5,edital 6.pdf,1,30,item,30,75,"28.55,23.52,552.85,60.95",tabela,batch
a4e39596802bcda737a14d93aff50b8dd399b2a963cf673445293192e500d3d5,edital 6.pdf,1,30,nome do produto,MESA DE REUNIÃO COM,75,"28.55,23.52,552.85,60.95",tabela,batch
a4e39596802bcda737a14d93aff50b8dd399b2a963cf673445293192e500d3d5,edital 6.pdf,1,30,quantidade,12,75,"28.55,23.52,552.85,60.95",tabela,batch
a4e39596802bcda737a14d93aff50b8dd399b2a963cf673445293192e500d3d5,edital 6.pdf,1,30,valor_unitario,5828.55,75,"28.55,23.52,552.85,60.95",tabela,batch
a4e39596802bcda737a14d93aff50b8dd399b2a963cf673445293192e500d3d5,edital 6.pdf,1,31,lote,1,76,"43.18,391.86,567.49,637.11",tabela,batch
a4e39596802bcda737a14d93aff50b8dd399b2a963cf673445293192e500d3d5,edital 6.pdf,1,31,item,31,76,"43.18,391.86,567.49,637.11",tabela,batch
a4e39596802bcda737a14d93aff50b8dd399b2a963cf673445293192e500d3d5,edital 6.pdf,1,31,nome do produto,"MESA EM L 1,20 X 1,20 C/",76,"43.18,391.86,567.49,637.11",tabela,batch
a4e39596802bcda737a14d93aff50b8dd399b2a963cf673445293192e500d3d5,edital 6.pdf,1,31,quantidade,2,76,"43.18,391.86,567.49,637.11",tabela,batch
a4e39596802bcda737a14d93aff50b8dd399b2a963cf673445293192e500d3d5,edital 6.pdf,1,31,valor_unitario,1164.53,76,"43.18,391.86,567.49,637.11",tabela,batch
a4e39596802bcda737a14d93aff50b8dd399b2a963cf673445293192e500d3d5,edital 6.pdf,1,32,lote,1,76,"43.18,122.14,567.49,391.86",tabela,batch
a4e39596802bcda737a14d93aff50b8dd399b2a963cf673445293192e500d3d5,edital 6.pdf,1,32,item,32,76,"43.18,122.14,567.49,391.86",tabela,batch
a4e39596802bcda737a14d93aff50b8dd399b2a963cf673445293192e500d3d5,edital 6.pdf,1,32,nome do produto,"MESA ESCRITÓRIO SECRETARIA 1,20X0,60X75 C/",76,"43.18,122.14,567.49,391.86",tabela,batch
a4e39596802bcda737a14d93aff50b8dd399b2a963cf673445293192e500d3d5,edital 6.pdf,1,32,quantidade,2,76,"43.18,122.14,567.49,391.86",tabela,batch
a4e39596802bcda737a14d93aff50b8dd399b2a963cf673445293192e500d3d5,edital 6.pdf,1,32,valor_unitario,697.59,76,"43.18,122.14,567.49,391.86",tabela,batch
a4e39596802bcda737a14d93aff50b8dd399b2a963cf673445293192e500d3d5,edital 6.pdf,1,33,lote,1,76,"43.18,23.52,567.49,122.14",tabela,batch
a4e39596802bcda737a14d93aff50b8dd399b2a963cf673445293192e500d3d5,edital 6.pdf,1,33,item,33,76,"43.18,23.52,567.49,122.14",tabela,batch
a4e39596802bcda737a14d93aff50b8dd399b2a963cf673445293192e500d3d5,edital 6.pdf,1,33,nome do produto,MESA PARA REFEITÓRIO COM BANCOS FIXO Mesa para Refeitório,76,"43.18,23.52,567.49,122.14",tabela,batch
a4e39596802bcda737a14d93aff50b8dd399b2a963cf673445293192e500d3d5,edital 6.pdf,1,33,quantidade,8,76,"43.18,23.52,567.49,122.14",tabela,batch
a4e39596802bcda737a14d93aff50b8dd399b2a963cf673445293192e500d3d5,edital 6.pdf,1,33,valor_unitario,5269.67,76,"43.18,23.52,567.49,122.14",tabela,batch
a4e39596802bcda737a14d93aff50b8dd399b2a963cf673445293192e500d3d5,edital 6.pdf,1,34,lote,1,77,"28.54,217.89,552.85,501.05",tabela,batch
a4e39596802bcda737a14d93aff50b8dd399b2a963cf673445293192e500d3d5,edital 6.pdf,1,34,item,34,77,"28.54,217.89,552.85,501.05",tabela,batch
a4e39596802bcda737a14d93aff50b8dd399b2a963cf673445293192e500d3d5,edital 6.pdf,1,34,nome do produto,MESA PARA REFEITÓRIO COM BANCOS FIXO Mesa para Refeitório,77,"28.54,217.89,552.85,501.05",tabela,batch
a4e39596802bcda737a14d93aff50b8dd399b2a963cf673445293192e500d3d5,edital 6.pdf,1,34,quantidade,8,77,"28.54,217.89,552.85,501.05",tabela,batch
a4e39596802bcda737a14d93aff50b8dd399b2a963cf673445293192e500d3d5,edital 6.pdf,1,34,valor_unitario,5269.67,77,"28.54,217.89,552.85,501.05",tabela,batch
a4e39596802bcda737a14d93aff50b8dd399b2a963cf673445293192e500d3d5,edital 6.pdf,1,35,lote,1,77,"28.54,33.60,552.85,217.89",tabela,batch
a4e39596802bcda737a14d93aff50b8dd399b2a963cf673445293192e500d3d5,edital 6.pdf,1,35,item,35,77,"28.54,33.60,552.85,217.89",tabela,batch
a4e39596802bcda737a14d93aff50b8dd399b2a963cf673445293192e500d3d5,edital 6.pdf,1,35,nome do produto,"MESA PLÁSTICA, COR BRANCA, POLIPROPILENO MESA PLÁSTICA, COR BRANCA, POLIPROPILENO",77,"28.54,33.60,552.85,217.89",tabela,batch
a4e39596802bcda737a14d93aff50b8dd399b2a963cf673445293192e500d3d5,edital 6.pdf,1,35,quantidade,80,77,"28.54,33.60,552.85,217.89",tabela,batch
a4e39596802bcda737a14d93aff50b8dd399b2a963cf673445293192e500d3d5,edital 6.pdf,1,35,valor_unitario,151.73,77,"28.54,33.60,552.85,217.89",tabela,batch
a4e39596802bcda737a14d93aff50b8dd399b2a963cf673445293192e500d3d5,edital 6.pdf,,28,garantia,6,42,,cabeçalho,batch
a4e39596802bcda737a14d93aff50b8dd399b2a963cf673445293192e500d3d5,edital 6.pdf,,29,garantia,6,42,,cabeçalho,batch
a4e39596802bcda737a14d93aff50b8dd399b2a963cf673445293192e500d3d5,edital 6.pdf,1,09,garantia,6,42,,cabeçalho,batch
a4e39596802bcda737a14d93aff50b8dd399b2a963cf673445293192e500d3d5,edital 6.pdf,1,21,garantia,6,42,,cabeçalho,batch
a4e39596802bcda737a14d93aff50b8dd399b2a963cf673445293192e500d3d5,edital 6.pdf,1,22,garantia,6,42,,cabeçalho,batch
a4e39596802bcda737a14d93aff50b8dd399b2a963cf673445293192e500d3d5,edital 6.pdf,1,23,garantia,6,42,,cabeçalho,batch
a4e39596802bcda737a14d93aff50b8dd399b2a963cf673445293192e500d3d5,edital 6.pdf,1,26,garantia,6,42,,cabeçalho,batch
a4e39596802bcda737a14d93aff50b8dd399b2a963cf673445293192e500d3d5,edital 6.pdf,1,27,garantia,6,42,,cabeçalho,batch
a4e39596802bcda737a14d93aff50b8dd399b2a963cf673445293192e500d3d5,edital 6.pdf,1,28,garantia,6,42,,cabeçalho,batch
a4e39596802bcda737a14d93aff50b8dd399b2a963cf673445293192e500d3d5,edital 6.pdf,1,29,garantia,6,42,,cabeçalho,batch
a4e39596802bcda737a14d93aff50b8dd399b2a963cf673445293192e500d3d5,edital 6.pdf,1,30,garantia,6,42,,cabeçalho,batch
a4e39596802bcda737a14d93aff50b8dd399b2a963cf673445293192e500d3d5,edital 6.pdf,1,31,garantia,6,42,,cabeçalho,batch
a4e39596802bcda737a14d93aff50b8dd399b2a963cf673445293192e500d3d5,edital 6.pdf,1,32,garantia,6,42,,cabeçalho,batch
a4e39596802bcda737a14d93aff50b8dd399b2a963cf673445293192e500d3d5,edital 6.pdf,1,33,garantia,6,42,,cabeçalho,batch
a4e39596802bcda737a14d93aff50b8dd399b2a963cf673445293192e500d3d5,edital 6.pdf,1,34,garantia,6,42,,cabeçalho,batch
a4e39596802bcda737a14d93aff50b8dd399b2a963cf673445293192e500d3d5,edital 6.pdf,1,35,garantia,6,42,,cabeçalho,batch
969cb78213dd11dc51174b70bac2cb49170ff388510ddc1bceb9bc210cc1fc38,edital 8.pdf,,01,lote,,14,"30.95,687.83,566.21,770.97",tabela,batch
969cb78213dd11dc51174b70bac2cb49170ff388510ddc1bceb9bc210cc1fc38,edital 8.pdf,,01,item,01,14,"30.95,687.83,566.21,770.97",tabela,batch
969cb78213dd11dc51174b70bac2cb49170ff388510ddc1bceb9bc210cc1fc38,edital 8.pdf,,01,nome do produto,1918400 ARMARIO PARA ESCRITORIO,14,"30.95,687.83,566.21,770.97",tabela,batch
969cb78213dd11dc51174b70bac2cb49170ff388510ddc1bceb9bc210cc1fc38,edital 8.pdf,,01,quantidade,800,14,"30.95,687.83,566.21,770.97",tabela,batch
969cb78213dd11dc51174b70bac2cb49170ff388510ddc1bceb9bc210cc1fc38,edital 8.pdf,,02,lote,,14,"30.95,513.74,566.21,687.83",tabela,batch
969cb78213dd11dc51174b70bac2cb49170ff388510ddc1bceb9bc210cc1fc38,edital 8.pdf,,02,item,02,14,"30.95,513.74,566.21,687.83",tabela,batch
969cb78213dd11dc51174b70bac2cb49170ff388510ddc1bceb9bc210cc1fc38,edital 8.pdf,,02,nome do produto,1328948 ARMARIO-CABIDEIRO,14,"30.95,513.74,566.21,687.83",tabela,batch
969cb78213dd11dc51174b70bac2cb49170ff388510ddc1bceb9bc210cc1fc38,edital 8.pdf,,02,quantidade,90,14,"30.95,513.74,566.21,687.83",tabela,batch
969cb78213dd11dc51174b70bac2cb49170ff388510ddc1bceb9bc210cc1fc38,edital 8.pdf,,03,lote,,14,"30.95,461.19,566.21,513.74",tabela,batch
969cb78213dd11dc51174b70bac2cb49170ff388510ddc1bceb9bc210cc1fc38,edital 8.pdf,,03,item,03,14,"30.95,461.19,566.21,513.74",tabela,batch
969cb78213dd11dc51174b70bac2cb49170ff388510ddc1bceb9bc210cc1fc38,edital 8.pdf,,03,nome do produto,1405926 ARMARIO-CABIDEIRO,14,"30.95,461.19,566.21,513.74",tabela,batch
969cb78213dd11dc51174b70bac2cb49170ff388510ddc1bceb9bc210cc1fc38,edital 8.pdf,,03,quantidade,93,14,"30.95,461.19,566.21,513.74",tabela,batch
969cb78213dd11dc51174b70bac2cb49170ff388510ddc1bceb9bc210cc1fc38,edital 8.pdf,,04,lote,,14,"30.95,337.62,566.21,461.19",tabela,batch
969cb78213dd11dc51174b70bac2cb49170ff388510ddc1bceb9bc210cc1fc38,edital 8.pdf,,04,item,04,14,"30.95,337.62,566.21,461.19",tabela,batch
969cb78213dd11dc51174b70bac2cb49170ff388510ddc1bceb9bc210cc1fc38,edital 8.pdf,,04,nome do produto,1367048 CADEIRA,14,"30.95,337.62,566.21,461.19",tabela,batch
969cb78213dd11dc51174b70bac2cb49170ff388510ddc1bceb9bc210cc1fc38,edital 8.pdf,,04,quantidade,10,14,"30.95,337.62,566.21,461.19",tabela,batch
969cb78213dd11dc51174b70bac2cb49170ff388510ddc1bceb9bc210cc1fc38,edital 8.pdf,,05,lote,,14,"30.95,223.88,566.21,337.62",tabela,batch
969cb78213dd11dc51174b70bac2cb49170ff388510ddc1bceb9bc210cc1fc38,edital 8.pdf,,05,item,05,14,"30.95,223.88,566.21,337.62",tabela,batch
969cb78213dd11dc51174b70bac2cb49170ff388510ddc1bceb9bc210cc1fc38,edital 8.pdf,,05,nome do produto,"1742957 CADEIRA PARA ESCRITORIO -FINALIDADE: DIRETOR, FUNCIONARIO ;TIPO: GIRATORIA ; ESPALDAR: MEDIO",14,"30.95,223.88,566.21,337.62",tabela,batch
969cb78213dd11dc51174b70bac2cb49170ff388510ddc1bceb9bc210cc1fc38,edital 8.pdf,,05,quantidade,360,14,"30.95,223.88,566.21,337.62",tabela,batch
969cb78213dd11dc51174b70bac2cb49170ff388510ddc1bceb9bc210cc1fc38,edital 8.pdf,,06,lote,,15,"30.94,539.66,566.21,813.21",tabela,batch
969cb78213dd11dc51174b70bac2cb49170ff388510ddc1bceb9bc210cc1fc38,edital 8.pdf,,06,item,06,15,"30.94,539.66,566.21,813.21",tabela,batch
969cb78213dd11dc51174b70bac2cb49170ff388510ddc1bceb9bc210cc1fc38,edital 8.pdf,,06,nome do produto,1529501 CADEIRA PARA ESCRITORIO -FINALIDADE: FUNCIONARIO; TIPO: FIXAEMPILHAVEL; ESPALDAR: BAIXO; APOIA-BRACOS: SEM,15,"30.94,539.66,566.21,813.21",tabela,batch
969cb78213dd11dc51174b70bac2cb49170ff388510ddc1bceb9bc210cc1fc38,edital 8.pdf,,06,quantidade,460,15,"30.94,539.66,566.21,813.21",tabela,batch
969cb78213dd11dc51174b70bac2cb49170ff388510ddc1bceb9bc210cc1fc38,edital 8.pdf,,07,lote,,15,"30.94,395.68,566.21,539.66",tabela,batch
969cb78213dd11dc51174b70bac2cb49170ff388510ddc1bceb9bc210cc1fc38,edital 8.pdf,,07,item,07,15,"30.94,395.68,566.21,539.66",tabela,batch
969cb78213dd11dc51174b70bac2cb49170ff388510ddc1bceb9bc210cc1fc38,edital 8.pdf,,07,nome do produto,1523864 CADEIRA PARA ESCRITORIO -FINALIDADE: FUNCIONARIO; TIPO:GIRATORIA ESTOFADA; ESPALDAR:MEDIO; APOIA-BRACOS,15,"30.94,395.68,566.21,539.66",tabela,batch
969cb78213dd11dc51174b70bac2cb49170ff388510ddc1bceb9bc210cc1fc38,edital 8.pdf,,07,quantidade,460,15,"30.94,395.68,566.21,539.66",tabela,batch
969cb78213dd11dc51174b70bac2cb49170ff388510ddc1bceb9bc210cc1fc38,edital 8.pdf,,08,lote,,15,"30.94,191.00,566.21,395.68",tabela,batch
969cb78213dd11dc51174b70bac2cb49170ff388510ddc1bceb9bc210cc1fc38,edital 8.pdf,,08,item,08,15,"30.94,191.00,566.21,395.68",tabela,batch
969cb78213dd11dc51174b70bac2cb49170ff388510ddc1bceb9bc210cc1fc38,edital 8.pdf,,08,nome do produto,"672742 CADEIRA UNIVERSITARIA -ASSENTO/ENCOSTO: CONCHA DUPLA, EMMDF PINTADO; ESTRUTURA: ACO,PINTADA EM EPOXI, 04 PES",15,"30.94,191.00,566.21,395.68",tabela,batch
969cb78213dd11dc51174b70bac2cb49170ff388510ddc1bceb9bc210cc1fc38,edital 8.pdf,,08,quantidade,36,15,"30.94,191.00,566.21,395.68",tabela,batch
969cb78213dd11dc51174b70bac2cb49170ff388510ddc1bceb9bc210cc1fc38,edital 8.pdf,,09,lote,,15,"30.94,107.74,566.21,191.00",tabela,batch
969cb78213dd11dc51174b70bac2cb49170ff388510ddc1bceb9bc210cc1fc38,edital 8.pdf,,09,item,09,15,"30.94,107.74,566.21,191.00",tabela,batch
969cb78213dd11dc51174b70bac2cb49170ff388510ddc1bceb9bc210cc1fc38,edital 8.pdf,,09,nome do produto,1703617 CADEIRA/POLTRONA PLASTICA -IDENTIFICACAO: CADEIRA PLASTICAMONOBLOCO; MATERIA-PRIMA:POLIPROPILENO; APOIA-BRACOS,15,"30.94,107.74,566.21,191.00",tabela,batch
969cb78213dd11dc51174b70bac2cb49170ff388510ddc1bceb9bc210cc1fc38,edital 8.pdf,,09,quantidade,182,15,"30.94,107.74,566.21,191.00",tabela,batch
969cb78213dd11dc51174b70bac2cb49170ff388510ddc1bceb9bc210cc1fc38,edital 8.pdf,,45,lote,,14,,tabela,batch
969cb78213dd11dc51174b70bac2cb49170ff388510ddc1bceb9bc210cc1fc38,edital 8.pdf,,45,item,45,14,,tabela,batch
969cb78213dd11dc51174b70bac2cb49170ff388510ddc1bceb9bc210cc1fc38,edital 8.pdf,,45,nome do produto,"CM. 1,00 UNIDADE 1.134 05 1742957 CADEIRA PARA ESCRITORIO",14,,tabela,batch
969cb78213dd11dc51174b70bac2cb49170ff388510ddc1bceb9bc210cc1fc38,edital 8.pdf,,45,quantidade,1,14,,tabela,batch
969cb78213dd11dc51174b70bac2cb49170ff388510ddc1bceb9bc210cc1fc38,edital 8.pdf,,01,normas_técnicas,NR 24,14,,cabeçalho,batch
969cb78213dd11dc51174b70bac2cb49170ff388510ddc1bceb9bc210cc1fc38,edital 8.pdf,,02,normas_técnicas,NR 24,14,,cabeçalho,batch
969cb78213dd11dc51174b70bac2cb49170ff388510ddc1bceb9bc210cc1fc38,edital 8.pdf,,03,normas_técnicas,NR 24,14,,cabeçalho,batch
969cb78213dd11dc51174b70bac2cb49170ff388510ddc1bceb9bc210cc1fc38,edital 8.pdf,,04,normas_técnicas,NR 24,14,,cabeçalho,batch
969cb78213dd11dc51174b70bac2cb49170ff388510ddc1bceb9bc210cc1fc38,edital 8.pdf,,05,normas_técnicas,NR 24,14,,cabeçalho,batch
969cb78213dd11dc51174b70bac2cb49170ff388510ddc1bceb9bc210cc1fc38,edital 8.pdf,,06,normas_técnicas,NR 24,14,,cabeçalho,batch
969cb78213dd11dc51174b70bac2cb49170ff388510ddc1bceb9bc210cc1fc38,edital 8.pdf,,07,normas_técnicas,NR 24,14,,cabeçalho,batch
969cb78213dd11dc51174b70bac2cb49170ff388510ddc1bceb9bc210cc1fc38,edital 8.pdf,,08,normas_técnicas,NR 24,14,,cabeçalho,batch
969cb78213dd11dc51174b70bac2cb49170ff388510ddc1bceb9bc210cc1fc38,edital 8.pdf,,09,normas_técnicas,NR 24,14,,cabeçalho,batch
969cb78213dd11dc51174b70bac2cb49170ff388510ddc1bceb9bc210cc1fc38,edital 8.pdf,,45,normas_técnicas,NR 24,14,,cabeçalho,batch
77b99c97cd0532f885080fa95faa8ead9b7757036ee2a0e890c2403a97202744,edital3.pdf,1,3,lote,1,80,,tabela,batch
77b99c97cd0532f885080fa95faa8ead9b7757036ee2a0e890c2403a97202744,edital3.pdf,1,3,item,3,80,,tabela,batch
77b99c97cd0532f885080fa95faa8ead9b7757036ee2a0e890c2403a97202744,edital3.pdf,1,3,nome do produto,CADEIRA GIRATÓRIA GERENCIA,80,,tabela,batch
77b99c97cd0532f885080fa95faa8ead9b7757036ee2a0e890c2403a97202744,edital3.pdf,1,3,quantidade,3224,80,,tabela,batch
77b99c97cd0532f885080fa95faa8ead9b7757036ee2a0e890c2403a97202744,edital3.pdf,1,3,valor_unitario,1.0,80,,tabela,batch
77b99c97cd0532f885080fa95faa8ead9b7757036ee2a0e890c2403a97202744,edital3.pdf,1,4,lote,1,80,,tabela,batch
77b99c97cd0532f885080fa95faa8ead9b7757036ee2a0e890c2403a97202744,edital3.pdf,1,4,item,4,80,,tabela,batch
77b99c97cd0532f885080fa95faa8ead9b7757036ee2a0e890c2403a97202744,edital3.pdf,1,4,nome do produto,CADEIRA GIRATÓRIA COM APOIODECABEÇA,80,,tabela,batch
77b99c97cd0532f885080fa95faa8ead9b7757036ee2a0e890c2403a97202744,edital3.pdf,1,4,quantidade,4100,80,,tabela,batch
77b99c97cd0532f885080fa95faa8ead9b7757036ee2a0e890c2403a97202744,edital3.pdf,1,4,valor_unitario,1.0,80,,tabela,batch
77b99c97cd0532f885080fa95faa8ead9b7757036ee2a0e890c2403a97202744,edital3.pdf,1,3,normas_técnicas,ABNTNBR 10; ABNTNBR 11003; ABNTNBR 17088; ABNTNBR 8095; ABNTNBR 8096; ISO 14024,23,,cabeçalho,batch
77b99c97cd0532f885080fa95faa8ead9b7757036ee2a0e890c2403a97202744,edital3.pdf,1,4,normas_técnicas,ABNTNBR 10; ABNTNBR 11003; ABNTNBR 17088; ABNTNBR 8095; ABNTNBR 8096; ISO 14024,23,,cabeçalho,batch
7af2199ee229702947a851175a0db326205efd0d15faded52a243912bbd15860,edital10.pdf,,21,lote,,20,"20.12,65.04,502.66,226.55",tabela,batch
7af2199ee229702947a851175a0db326205efd0d15faded52a243912bbd15860,edital10.pdf,,21,item,21,20,"20.12,65.04,502.66,226.55",tabela,batch
7af2199ee229702947a851175a0db326205efd0d15faded52a243912bbd15860,edital10.pdf,,21,nome do produto,Mesa plástica empilhável 700x700x,20,"20.12,65.04,502.66,226.55",tabela,batch
7af2199ee229702947a851175a0db326205efd0d15faded52a243912bbd15860,edital10.pdf,,21,quantidade,700,20,"20.12,65.04,502.66,226.55",tabela,batch
7af2199ee229702947a851175a0db326205efd0d15faded52a243912bbd15860,edital10.pdf,,21,valor_unitario,87.93,20,"20.12,65.04,502.66,226.55",tabela,batch
7af2199ee229702947a851175a0db326205efd0d15faded52a243912bbd15860,edital10.pdf,,21,lote,,21,,tabela,batch
7af2199ee229702947a851175a0db326205efd0d15faded52a243912bbd15860,edital10.pdf,,21,item,21,21,,tabela,batch
7af2199ee229702947a851175a0db326205efd0d15faded52a243912bbd15860,edital10.pdf,,21,nome do produto,"de 3222 Mesa dobrável vira-maleta Mesa dobrável, portátil, compacta e multiuso, do tipo vira-maleta. Com alça de",21,,tabela,batch
7af2199ee229702947a851175a0db326205efd0d15faded52a243912bbd15860,edital10.pdf,,21,quantidade,10,21,,tabela,batch
7af2199ee229702947a851175a0db326205efd0d15faded52a243912bbd15860,edital10.pdf,,21,valor_unitario,284.63,21,,tabela,batch
7af2199ee229702947a851175a0db326205efd0d15faded52a243912bbd15860,edital10.pdf,,22,lote,,21,"20.09,639.57,502.66,827.72",tabela,batch
7af2199ee229702947a851175a0db326205efd0d15faded52a243912bbd15860,edital10.pdf,,22,item,22,21,"20.09,639.57,502.66,827.72",tabela,batch
7af2199ee229702947a851175a0db326205efd0d15faded52a243912bbd15860,edital10.pdf,,22,nome do produto,"Mesa dobrável vira-maletaMesa dobrável, portátil, compacta e multiuso, do tipo vira-maleta. Com alça de",21,"20.09,639.57,502.66,827.72",tabela,batch
7af2199ee229702947a851175a0db326205efd0d15faded52a243912bbd15860,edital10.pdf,,22,quantidade,30,21,"20.09,639.57,502.66,827.72",tabela,batch
7af2199ee229702947a851175a0db326205efd0d15faded52a243912bbd15860,edital10.pdf,,22,valor_unitario,284.63,21,"20.09,639.57,502.66,827.72",tabela,batch
7af2199ee229702947a851175a0db326205efd0d15faded52a243912bbd15860,edital10.pdf,,21,normas_técnicas,NR 17,2,,cabeçalho,batch
7af2199ee229702947a851175a0db326205efd0d15faded52a243912bbd15860,edital10.pdf,,22,normas_técnicas,NR 17,2,,cabeçalho,batch
ae9bb9041333c4abcf1cfa4986e03ca613b28576766766ef1f89750ca8e46d37,edital1.pdf,,0,lote,,25,,tabela,batch
ae9bb9041333c4abcf1cfa4986e03ca613b28576766766ef1f89750ca8e46d37,edital1.pdf,,0,item,0,25,,tabela,batch
ae9bb9041333c4abcf1cfa4986e03ca613b28576766766ef1f89750ca8e46d37,edital1.pdf,,0,nome do produto,7 Sofá I,25,,tabela,batch
ae9bb9041333c4abcf1cfa4986e03ca613b28576766766ef1f89750ca8e46d37,edital1.pdf,,0,quantidade,50,25,,tabela,batch
ae9bb9041333c4abcf1cfa4986e03ca613b28576766766ef1f89750ca8e46d37,edital1.pdf,,0,valor_unitario,5462.1,25,,tabela,batch
ae9bb9041333c4abcf1cfa4986e03ca613b28576766766ef1f89750ca8e46d37,edital1.pdf,,0,lote,,26,,tabela,batch
ae9bb9041333c4abcf1cfa4986e03ca613b28576766766ef1f89750ca8e46d37,edital1.pdf,,0,item,0,26,,tabela,batch
ae9bb9041333c4abcf1cfa4986e03ca613b28576766766ef1f89750ca8e46d37,edital1.pdf,,0,nome do produto,13 Gaveteiro II,26,,tabela,batch
ae9bb9041333c4abcf1cfa4986e03ca613b28576766766ef1f89750ca8e46d37,edital1.pdf,,0,quantidade,10,26,,tabela,batch
ae9bb9041333c4abcf1cfa4986e03ca613b28576766766ef1f89750ca8e46d37,edital1.pdf,,0,valor_unitario,998.0,26,,tabela,batch
ae9bb9041333c4abcf1cfa4986e03ca613b28576766766ef1f89750ca8e46d37,edital1.pdf,,1,lote,,25,"56.63,508.32,538.69,545.76",tabela,batch
ae9bb9041333c4abcf1cfa4986e03ca613b28576766766ef1f89750ca8e46d37,edital1.pdf,,1,item,1,25,"56.63,508.32,538.69,545.76",tabela,batch
ae9bb9041333c4abcf1cfa4986e03ca613b28576766766ef1f89750ca8e46d37,edital1.pdf,,1,nome do produto,Cadeira alta fixa metálica,25,"56.63,508.32,538.69,545.76",tabela,batch
ae9bb9041333c4abcf1cfa4986e03ca613b28576766766ef1f89750ca8e46d37,edital1.pdf,,1,quantidade,244,25,"56.63,508.32,538.69,545.76",tabela,batch
ae9bb9041333c4abcf1cfa4986e03ca613b28576766766ef1f89750ca8e46d37,edital1.pdf,,1,valor_unitario,297.0,25,"56.63,508.32,538.69,545.76",tabela,batch
ae9bb9041333c4abcf1cfa4986e03ca613b28576766766ef1f89750ca8e46d37,edital1.pdf,,2,lote,,25,"56.63,471.12,538.69,508.32",tabela,batch
ae9bb9041333c4abcf1cfa4986e03ca613b28576766766ef1f89750ca8e46d37,edital1.pdf,,2,item,2,25,"56.63,471.12,538.69,508.32",tabela,batch
ae9bb9041333c4abcf1cfa4986e03ca613b28576766766ef1f89750ca8e46d37,edital1.pdf,,2,nome do produto,Cadeira baixa fixa metálica,25,"56.63,471.12,538.69,508.32",tabela,batch
ae9bb9041333c4abcf1cfa4986e03ca613b28576766766ef1f89750ca8e46d37,edital1.pdf,,2,quantidade,244,25,"56.63,471.12,538.69,508.32",tabela,batch
ae9bb9041333c4abcf1cfa4986e03ca613b28576766766ef1f89750ca8e46d37,edital1.pdf,,2,valor_unitario,245.0,25,"56.63,471.12,538.69,508.32",tabela,batch
ae9bb9041333c4abcf1cfa4986e03ca613b28576766766ef1f89750ca8e46d37,edital1.pdf,,3,lote,,25,"56.63,433.68,538.69,471.12",tabela,batch
ae9bb9041333c4abcf1cfa4986e03ca613b28576766766ef1f89750ca8e46d37,edital1.pdf,,3,item,3,25,"56.63,433.68,538.69,471.12",tabela,batch
ae9bb9041333c4abcf1cfa4986e03ca613b28576766766ef1f89750ca8e46d37,edital1.pdf,,3,nome do produto,Estante metálica,25,"56.63,433.68,538.69,471.12",tabela,batch
ae9bb9041333c4abcf1cfa4986e03ca613b28576766766ef1f89750ca8e46d37,edital1.pdf,,3,quantidade,1400,25,"56.63,433.68,538.69,471.12",tabela,batch
ae9bb9041333c4abcf1cfa4986e03ca613b28576766766ef1f89750ca8e46d37,edital1.pdf,,3,valor_unitario,529.99,25,"56.63,433.68,538.69,471.12",tabela,batch
ae9bb9041333c4abcf1cfa4986e03ca613b28576766766ef1f89750ca8e46d37,edital1.pdf,,4,lote,,25,"56.63,396.48,538.69,433.68",tabela,batch
ae9bb9041333c4abcf1cfa4986e03ca613b28576766766ef1f89750ca8e46d37,edital1.pdf,,4,item,4,25,"56.63,396.48,538.69,433.68",tabela,batch
ae9bb9041333c4abcf1cfa4986e03ca613b28576766766ef1f89750ca8e46d37,edital1.pdf,,4,nome do produto,Poltrona I,25,"56.63,396.48,538.69,433.68",tabela,batch
ae9bb9041333c4abcf1cfa4986e03ca613b28576766766ef1f89750ca8e46d37,edital1.pdf,,4,quantidade,1651,25,"56.63,396.48,538.69,433.68",tabela,batch
ae9bb9041333c4abcf1cfa4986e03ca613b28576766766ef1f89750ca8e46d37,edital1.pdf,,4,valor_unitario,1019.99,25,"56.63,396.48,538.69,433.68",tabela,batch
ae9bb9041333c4abcf1cfa4986e03ca613b28576766766ef1f89750ca8e46d37,edital1.pdf,,5,lote,,25,"56.63,359.04,538.69,396.48",tabela,batch
ae9bb9041333c4abcf1cfa4986e03ca613b28576766766ef1f89750ca8e46d37,edital1.pdf,,5,item,5,25,"56.63,359.04,538.69,396.48",tabela,batch
ae9bb9041333c4abcf1cfa4986e03ca613b28576766766ef1f89750ca8e46d37,edital1.pdf,,5,nome do produto,Poltrona II,25,"56.63,359.04,538.69,396.48",tabela,batch
ae9bb9041333c4abcf1cfa4986e03ca613b28576766766ef1f89750ca8e46d37,edital1.pdf,,5,quantidade,1651,25,"56.63,359.04,538.69,396.48",tabela,batch
ae9bb9041333c4abcf1cfa4986e03ca613b28576766766ef1f89750ca8e46d37,edital1.pdf,,5,valor_unitario,3999.0,25,"56.63,359.04,538.69,396.48",tabela,batch
ae9bb9041333c4abcf1cfa4986e03ca613b28576766766ef1f89750ca8e46d37,edital1.pdf,,6,lote,,25,"56.63,309.12,538.69,359.04",tabela,batch
ae9bb9041333c4abcf1cfa4986e03ca613b28576766766ef1f89750ca8e46d37,edital1.pdf,,6,item,6,25,"56.63,309.12,538.69,359.04",tabela,batch
ae9bb9041333c4abcf1cfa4986e03ca613b28576766766ef1f89750ca8e46d37,edital1.pdf,,6,nome do produto,Poltrona III,25,"56.63,309.12,538.69,359.04",tabela,batch
ae9bb9041333c4abcf1cfa4986e03ca613b28576766766ef1f89750ca8e46d37,edital1.pdf,,6,quantidade,1651,25,"56.63,309.12,538.69,359.04",tabela,batch
ae9bb9041333c4abcf1cfa4986e03ca613b28576766766ef1f89750ca8e46d37,edital1.pdf,,6,valor_unitario,5253.1,25,"56.63,309.12,538.69,359.04",tabela,batch
ae9bb9041333c4abcf1cfa4986e03ca613b28576766766ef1f89750ca8e46d37,edital1.pdf,,7,lote,,25,"56.63,271.92,538.69,309.12",tabela,batch
ae9bb9041333c4abcf1cfa4986e03ca613b28576766766ef1f89750ca8e46d37,edital1.pdf,,7,item,7,25,"56.63,271.92,538.69,309.12",tabela,batch
ae9bb9041333c4abcf1cfa4986e03ca613b28576766766ef1f89750ca8e46d37,edital1.pdf,,7,nome do produto,Sofá I,25,"56.63,271.92,538.69,309.12",tabela,batch
ae9bb9041333c4abcf1cfa4986e03ca613b28576766766ef1f89750ca8e46d37,edital1.pdf,,7,quantidade,8655,25,"56.63,271.92,538.69,309.12",tabela,batch
ae9bb9041333c4abcf1cfa4986e03ca613b28576766766ef1f89750ca8e46d37,edital1.pdf,,7,valor_unitario,5462.1,25,"56.63,271.92,538.69,309.12",tabela,batch
ae9bb9041333c4abcf1cfa4986e03ca613b28576766766ef1f89750ca8e46d37,edital1.pdf,,8,lote,,25,"56.63,234.48,538.69,271.92",tabela,batch
ae9bb9041333c4abcf1cfa4986e03ca613b28576766766ef1f89750ca8e46d37,edital1.pdf,,8,item,8,25,"56.63,234.48,538.69,271.92",tabela,batch
ae9bb9041333c4abcf1cfa4986e03ca613b28576766766ef1f89750ca8e46d37,edital1.pdf,,8,nome do produto,Sofá II,25,"56.63,234.48,538.69,271.92",tabela,batch
ae9bb9041333c4abcf1cfa4986e03ca613b28576766766ef1f89750ca8e46d37,edital1.pdf,,8,quantidade,8655,25,"56.63,234.48,538.69,271.92",tabela,batch
ae9bb9041333c4abcf1cfa4986e03ca613b28576766766ef1f89750ca8e46d37,edital1.pdf,,8,valor_unitario,4319.0,25,"56.63,234.48,538.69,271.92",tabela,batch
ae9bb9041333c4abcf1cfa4986e03ca613b28576766766ef1f89750ca8e46d37,edital1.pdf,,9,lote,,25,"56.63,194.64,538.69,234.48",tabela,batch
ae9bb9041333c4abcf1cfa4986e03ca613b28576766766ef1f89750ca8e46d37,edital1.pdf,,9,item,9,25,"56.63,194.64,538.69,234.48",tabela,batch
ae9bb9041333c4abcf1cfa4986e03ca613b28576766766ef1f89750ca8e46d37,edital1.pdf,,9,nome do produto,Armário alto,25,"56.63,194.64,538.69,234.48",tabela,batch
ae9bb9041333c4abcf1cfa4986e03ca613b28576766766ef1f89750ca8e46d37,edital1.pdf,,9,quantidade,3764,25,"56.63,194.64,538.69,234.48",tabela,batch
ae9bb9041333c4abcf1cfa4986e03ca613b28576766766ef1f89750ca8e46d37,edital1.pdf,,9,valor_unitario,1750.0,25,"56.63,194.64,538.69,234.48",tabela,batch
ae9bb9041333c4abcf1cfa4986e03ca613b28576766766ef1f89750ca8e46d37,edital1.pdf,,10,lote,,25,"56.63,161.28,538.69,194.64",tabela,batch
ae9bb9041333c4abcf1cfa4986e03ca613b28576766766ef1f89750ca8e46d37,edital1.pdf,,10,item,10,25,"56.63,161.28,538.69,194.64",tabela,batch
ae9bb9041333c4abcf1cfa4986e03ca613b28576766766ef1f89750ca8e46d37,edital1.pdf,,10,nome do produto,Armário baixo I,25,"56.63,161.28,538.69,194.64",tabela,batch
ae9bb9041333c4abcf1cfa4986e03ca613b28576766766ef1f89750ca8e46d37,edital1.pdf,,10,quantidade,1266,25,"56.63,161.28,538.69,194.64",tabela,batch
ae9bb9041333c4abcf1cfa4986e03ca613b28576766766ef1f89750ca8e46d37,edital1.pdf,,10,valor_unitario,1150.0,25,"56.63,161.28,538.69,194.64",tabela,batch
ae9bb9041333c4abcf1cfa4986e03ca613b28576766766ef1f89750ca8e46d37,edital1.pdf,,11,lote,,25,"56.63,127.92,538.69,161.28",tabela,batch
ae9bb9041333c4abcf1cfa4986e03ca613b28576766766ef1f89750ca8e46d37,edital1.pdf,,11,item,11,25,"56.63,127.92,538.69,161.28",tabela,batch
ae9bb9041333c4abcf1cfa4986e03ca613b28576766766ef1f89750ca8e46d37,edital1.pdf,,11,nome do produto,Armário baixo II,25,"56.63,127.92,538.69,161.28",tabela,batch
ae9bb9041333c4abcf1cfa4986e03ca613b28576766766ef1f89750ca8e46d37,edital1.pdf,,11,quantidade,1265,25,"56.63,127.92,538.69,161.28",tabela,batch
ae9bb9041333c4abcf1cfa4986e03ca613b28576766766ef1f89750ca8e46d37,edital1.pdf,,11,valor_unitario,1200.0,25,"56.63,127.92,538.69,161.28",tabela,batch
ae9bb9041333c4abcf1cfa4986e03ca613b28576766766ef1f89750ca8e46d37,edital1.pdf,,12,lote,,25,"56.63,90.36,538.69,127.92",tabela,batch
ae9bb9041333c4abcf1cfa4986e03ca613b28576766766ef1f89750ca8e46d37,edital1.pdf,,12,item,12,25,"56.63,90.36,538.69,127.92",tabela,batch
ae9bb9041333c4abcf1cfa4986e03ca613b28576766766ef1f89750ca8e46d37,edital1.pdf,,12,nome do produto,Gaveteiro I,25,"56.63,90.36,538.69,127.92",tabela,batch
ae9bb9041333c4abcf1cfa4986e03ca613b28576766766ef1f89750ca8e46d37,edital1.pdf,,12,quantidade,5410,25,"56.63,90.36,538.69,127.92",tabela,batch
ae9bb9041333c4abcf1cfa4986e03ca613b28576766766ef1f89750ca8e46d37,edital1.pdf,,12,valor_unitario,995.0,25,"56.63,90.36,538.69,127.92",tabela,batch
ae9bb9041333c4abcf1cfa4986e03ca613b28576766766ef1f89750ca8e46d37,edital1.pdf,,13,lote,,26,"56.63,716.40,538.69,753.84",tabela,batch
ae9bb9041333c4abcf1cfa4986e03ca613b28576766766ef1f89750ca8e46d37,edital1.pdf,,13,item,13,26,"56.63,716.40,538.69,753.84",tabela,batch
ae9bb9041333c4abcf1cfa4986e03ca613b28576766766ef1f89750ca8e46d37,edital1.pdf,,13,nome do produto,Gaveteiro II,26,"56.63,716.40,538.69,753.84",tabela,batch
ae9bb9041333c4abcf1cfa4986e03ca613b28576766766ef1f89750ca8e46d37,edital1.pdf,,13,quantidade,5410,26,"56.63,716.40,538.69,753.84",tabela,batch
ae9bb9041333c4abcf1cfa4986e03ca613b28576766766ef1f89750ca8e46d37,edital1.pdf,,13,valor_unitario,998.0,26,"56.63,716.40,538.69,753.84",tabela,batch
ae9bb9041333c4abcf1cfa4986e03ca613b28576766766ef1f89750ca8e46d37,edital1.pdf,,15,lote,,26,"56.63,633.12,538.69,666.72",tabela,batch
ae9bb9041333c4abcf1cfa4986e03ca613b28576766766ef1f89750ca8e46d37,edital1.pdf,,15,item,15,26,"56.63,633.12,538.69,666.72",tabela,batch
ae9bb9041333c4abcf1cfa4986e03ca613b28576766766ef1f89750ca8e46d37,edital1.pdf,,15,nome do produto,Mesa reta I,26,"56.63,633.12,538.69,666.72",tabela,batch
ae9bb9041333c4abcf1cfa4986e03ca613b28576766766ef1f89750ca8e46d37,edital1.pdf,,15,quantidade,8464,26,"56.63,633.12,538.69,666.72",tabela,batch
ae9bb9041333c4abcf1cfa4986e03ca613b28576766766ef1f89750ca8e46d37,edital1.pdf,,15,valor_unitario,999.0,26,"56.63,633.12,538.69,666.72",tabela,batch
ae9bb9041333c4abcf1cfa4986e03ca613b28576766766ef1f89750ca8e46d37,edital1.pdf,,16,lote,,26,"56.63,599.76,538.69,633.12",tabela,batch
ae9bb9041333c4abcf1cfa4986e03ca613b28576766766ef1f89750ca8e46d37,edital1.pdf,,16,item,16,26,"56.63,599.76,538.69,633.12",tabela,batch
ae9bb9041333c4abcf1cfa4986e03ca613b28576766766ef1f89750ca8e46d37,edital1.pdf,,16,nome do produto,Mesa reta II,26,"56.63,599.76,538.69,633.12",tabela,batch
ae9bb9041333c4abcf1cfa4986e03ca613b28576766766ef1f89750ca8e46d37,edital1.pdf,,16,quantidade,8464,26,"56.63,599.76,538.69,633.12",tabela,batch
ae9bb9041333c4abcf1cfa4986e03ca613b28576766766ef1f89750ca8e46d37,edital1.pdf,,16,valor_unitario,1010.0,26,"56.63,599.76,538.69,633.12",tabela,batch
ae9bb9041333c4abcf1cfa4986e03ca613b28576766766ef1f89750ca8e46d37,edital1.pdf,,17,lote,,26,"56.63,566.40,538.69,599.76",tabela,batch
ae9bb9041333c4abcf1cfa4986e03ca613b28576766766ef1f89750ca8e46d37,edital1.pdf,,17,item,17,26,"56.63,566.40,538.69,599.76",tabela,batch
ae9bb9041333c4abcf1cfa4986e03ca613b28576766766ef1f89750ca8e46d37,edital1.pdf,,17,nome do produto,Mesa reta III,26,"56.63,566.40,538.69,599.76",tabela,batch
ae9bb9041333c4abcf1cfa4986e03ca613b28576766766ef1f89750ca8e46d37,edital1.pdf,,17,quantidade,8464,26,"56.63,566.40,538.69,599.76",tabela,batch
ae9bb9041333c4abcf1cfa4986e03ca613b28576766766ef1f89750ca8e46d37,edital1.pdf,,17,valor_unitario,1100.0,26,"56.63,566.40,538.69,599.76",tabela,batch
ae9bb9041333c4abcf1cfa4986e03ca613b28576766766ef1f89750ca8e46d37,edital1.pdf,,18,lote,,26,"56.63,533.04,538.69,566.40",tabela,batch
ae9bb9041333c4abcf1cfa4986e03ca613b28576766766ef1f89750ca8e46d37,edital1.pdf,,18,item,18,26,"56.63,533.04,538.69,566.40",tabela,batch
ae9bb9041333c4abcf1cfa4986e03ca613b28576766766ef1f89750ca8e46d37,edital1.pdf,,18,nome do produto,Mesa reta IV,26,"56.63,533.04,538.69,566.40",tabela,batch
ae9bb9041333c4abcf1cfa4986e03ca613b28576766766ef1f89750ca8e46d37,edital1.pdf,,18,quantidade,8464,26,"56.63,533.04,538.69,566.40",tabela,batch
ae9bb9041333c4abcf1cfa4986e03ca613b28576766766ef1f89750ca8e46d37,edital1.pdf,,18,valor_unitario,1150.0,26,"56.63,533.04,538.69,566.40",tabela,batch
ae9bb9041333c4abcf1cfa4986e03ca613b28576766766ef1f89750ca8e46d37,edital1.pdf,,19,lote,,26,"56.63,499.68,538.69,533.04",tabela,batch
ae9bb9041333c4abcf1cfa4986e03ca613b28576766766ef1f89750ca8e46d37,edital1.pdf,,19,item,19,26,"56.63,499.68,538.69,533.04",tabela,batch
ae9bb9041333c4abcf1cfa4986e03ca613b28576766766ef1f89750ca8e46d37,edital1.pdf,,19,nome do produto,Mesa modular,26,"56.63,499.68,538.69,533.04",tabela,batch
ae9bb9041333c4abcf1cfa4986e03ca613b28576766766ef1f89750ca8e46d37,edital1.pdf,,19,quantidade,8464,26,"56.63,499.68,538.69,533.04",tabela,batch
ae9bb9041333c4abcf1cfa4986e03ca613b28576766766ef1f89750ca8e46d37,edital1.pdf,,19,valor_unitario,950.0,26,"56.63,499.68,538.69,533.04",tabela,batch
ae9bb9041333c4abcf1cfa4986e03ca613b28576766766ef1f89750ca8e46d37,edital1.pdf,,20,lote,,26,"56.63,466.32,538.69,499.68",tabela,batch
ae9bb9041333c4abcf1cfa4986e03ca613b28576766766ef1f89750ca8e46d37,edital1.pdf,,20,item,20,26,"56.63,466.32,538.69,499.68",tabela,batch
ae9bb9041333c4abcf1cfa4986e03ca613b28576766766ef1f89750ca8e46d37,edital1.pdf,,20,nome do produto,Estação de trabalho I,26,"56.63,466.32,538.69,499.68",tabela,batch
ae9bb9041333c4abcf1cfa4986e03ca613b28576766766ef1f89750ca8e46d37,edital1.pdf,,20,quantidade,8464,26,"56.63,466.32,538.69,499.68",tabela,batch
ae9bb9041333c4abcf1cfa4986e03ca613b28576766766ef1f89750ca8e46d37,edital1.pdf,,20,valor_unitario,3400.0,26,"56.63,466.32,538.69,499.68",tabela,batch
ae9bb9041333c4abcf1cfa4986e03ca613b28576766766ef1f89750ca8e46d37,edital1.pdf,,21,lote,,26,"56.63,432.96,538.69,466.32",tabela,batch
ae9bb9041333c4abcf1cfa4986e03ca613b28576766766ef1f89750ca8e46d37,edital1.pdf,,21,item,21,26,"56.63,432.96,538.69,466.32",tabela,batch
ae9bb9041333c4abcf1cfa4986e03ca613b28576766766ef1f89750ca8e46d37,edital1.pdf,,21,nome do produto,Estação de trabalho II,26,"56.63,432.96,538.69,466.32",tabela,batch
ae9bb9041333c4abcf1cfa4986e03ca613b28576766766ef1f89750ca8e46d37,edital1.pdf,,21,quantidade,8464,26,"56.63,432.96,538.69,466.32",tabela,batch
ae9bb9041333c4abcf1cfa4986e03ca613b28576766766ef1f89750ca8e46d37,edital1.pdf,,21,valor_unitario,4100.0,26,"56.63,432.96,538.69,466.32",tabela,batch
ae9bb9041333c4abcf1cfa4986e03ca613b28576766766ef1f89750ca8e46d37,edital1.pdf,,22,lote,,26,"56.63,399.60,538.69,432.96",tabela,batch
ae9bb9041333c4abcf1cfa4986e03ca613b28576766766ef1f89750ca8e46d37,edital1.pdf,,22,item,22,26,"56.63,399.60,538.69,432.96",tabela,batch
ae9bb9041333c4abcf1cfa4986e03ca613b28576766766ef1f89750ca8e46d37,edital1.pdf,,22,nome do produto,Mesa de reunião quadrada I,26,"56.63,399.60,538.69,432.96",tabela,batch
ae9bb9041333c4abcf1cfa4986e03ca613b28576766766ef1f89750ca8e46d37,edital1.pdf,,22,quantidade,8464,26,"56.63,399.60,538.69,432.96",tabela,batch
ae9bb9041333c4abcf1cfa4986e03ca613b28576766766ef1f89750ca8e46d37,edital1.pdf,,22,valor_unitario,1190.0,26,"56.63,399.60,538.69,432.96",tabela,batch
ae9bb9041333c4abcf1cfa4986e03ca613b28576766766ef1f89750ca8e46d37,edital1.pdf,,23,lote,,26,"56.63,366.00,538.69,399.60",tabela,batch
ae9bb9041333c4abcf1cfa4986e03ca613b28576766766ef1f89750ca8e46d37,edital1.pdf,,23,item,23,26,"56.63,366.00,538.69,399.60",tabela,batch
ae9bb9041333c4abcf1cfa4986e03ca613b28576766766ef1f89750ca8e46d37,edital1.pdf,,23,nome do produto,Mesa de reunião quadrada II,26,"56.63,366.00,538.69,399.60",tabela,batch
ae9bb9041333c4abcf1cfa4986e03ca613b28576766766ef1f89750ca8e46d37,edital1.pdf,,23,quantidade,8464,26,"56.63,366.00,538.69,399.60",tabela,batch
ae9bb9041333c4abcf1cfa4986e03ca613b28576766766ef1f89750ca8e46d37,edital1.pdf,,23,valor_unitario,2150.0,26,"56.63,366.00,538.69,399.60",tabela,batch
ae9bb9041333c4abcf1cfa4986e03ca613b28576766766ef1f89750ca8e46d37,edital1.pdf,,24,lote,,26,"56.63,332.64,538.69,366.00",tabela,batch
ae9bb9041333c4abcf1cfa4986e03ca613b28576766766ef1f89750ca8e46d37,edital1.pdf,,24,item,24,26,"56.63,332.64,538.69,366.00",tabela,batch
ae9bb9041333c4abcf1cfa4986e03ca613b28576766766ef1f89750ca8e46d37,edital1.pdf,,24,nome do produto,Mesa de reunião retangular I,26,"56.63,332.64,538.69,366.00",tabela,batch
ae9bb9041333c4abcf1cfa4986e03ca613b28576766766ef1f89750ca8e46d37,edital1.pdf,,24,quantidade,1702,26,"56.63,332.64,538.69,366.00",tabela,batch
ae9bb9041333c4abcf1cfa4986e03ca613b28576766766ef1f89750ca8e46d37,edital1.pdf,,24,valor_unitario,2700.0,26,"56.63,332.64,538.69,366.00",tabela,batch
ae9bb9041333c4abcf1cfa4986e03ca613b28576766766ef1f89750ca8e46d37,edital1.pdf,,25,lote,,26,"56.63,299.28,538.69,332.64",tabela,batch
ae9bb9041333c4abcf1cfa4986e03ca613b28576766766ef1f89750ca8e46d37,edital1.pdf,,25,item,25,26,"56.63,299.28,538.69,332.64",tabela,batch
ae9bb9041333c4abcf1cfa4986e03ca613b28576766766ef1f89750ca8e46d37,edital1.pdf,,25,nome do produto,Mesa de reunião retangular II,26,"56.63,299.28,538.69,332.64",tabela,batch
ae9bb9041333c4abcf1cfa4986e03ca613b28576766766ef1f89750ca8e46d37,edital1.pdf,,25,quantidade,1702,26,"56.63,299.28,538.69,332.64",tabela,batch
ae9bb9041333c4abcf1cfa4986e03ca613b28576766766ef1f89750ca8e46d37,edital1.pdf,,25,valor_unitario,3150.0,26,"56.63,299.28,538.69,332.64",tabela,batch
ae9bb9041333c4abcf1cfa4986e03ca613b28576766766ef1f89750ca8e46d37,edital1.pdf,,26,lote,,26,"56.63,265.92,538.69,299.28",tabela,batch
ae9bb9041333c4abcf1cfa4986e03ca613b28576766766ef1f89750ca8e46d37,edital1.pdf,,26,item,26,26,"56.63,265.92,538.69,299.28",tabela,batch
ae9bb9041333c4abcf1cfa4986e03ca613b28576766766ef1f89750ca8e46d37,edital1.pdf,,26,nome do produto,Mesa de reunião retangular III,26,"56.63,265.92,538.69,299.28",tabela,batch
ae9bb9041333c4abcf1cfa4986e03ca613b28576766766ef1f89750ca8e46d37,edital1.pdf,,26,quantidade,1702,26,"56.63,265.92,538.69,299.28",tabela,batch
ae9bb9041333c4abcf1cfa4986e03ca613b28576766766ef1f89750ca8e46d37,edital1.pdf,,26,valor_unitario,3700.0,26,"56.63,265.92,538.69,299.28",tabela,batch
ae9bb9041333c4abcf1cfa4986e03ca613b28576766766ef1f89750ca8e46d37,edital1.pdf,,27,lote,,26,"56.63,232.56,538.69,265.92",tabela,batch
ae9bb9041333c4abcf1cfa4986e03ca613b28576766766ef1f89750ca8e46d37,edital1.pdf,,27,item,27,26,"56.63,232.56,538.69,265.92",tabela,batch
ae9bb9041333c4abcf1cfa4986e03ca613b28576766766ef1f89750ca8e46d37,edital1.pdf,,27,nome do produto,Mesa de reunião retangular IV,26,"56.63,232.56,538.69,265.92",tabela,batch
ae9bb9041333c4abcf1cfa4986e03ca613b28576766766ef1f89750ca8e46d37,edital1.pdf,,27,quantidade,1702,26,"56.63,232.56,538.69,265.92",tabela,batch
ae9bb9041333c4abcf1cfa4986e03ca613b28576766766ef1f89750ca8e46d37,edital1.pdf,,27,valor_unitario,4200.0,26,"56.63,232.56,538.69,265.92",tabela,batch
ae9bb9041333c4abcf1cfa4986e03ca613b28576766766ef1f89750ca8e46d37,edital1.pdf,,28,lote,,26,"56.63,195.12,538.69,232.56",tabela,batch
ae9bb9041333c4abcf1cfa4986e03ca613b28576766766ef1f89750ca8e46d37,edital1.pdf,,28,item,28,26,"56.63,195.12,538.69,232.56",tabela,batch
ae9bb9041333c4abcf1cfa4986e03ca613b28576766766ef1f89750ca8e46d37,edital1.pdf,,28,nome do produto,Mesa de reunião retangular V,26,"56.63,195.12,538.69,232.56",tabela,batch
ae9bb9041333c4abcf1cfa4986e03ca613b28576766766ef1f89750ca8e46d37,edital1.pdf,,28,quantidade,1702,26,"56.63,195.12,538.69,232.56",tabela,batch
ae9bb9041333c4abcf1cfa4986e03ca613b28576766766ef1f89750ca8e46d37,edital1.pdf,,28,valor_unitario,6400.0,26,"56.63,195.12,538.69,232.56",tabela,batch
ae9bb9041333c4abcf1cfa4986e03ca613b28576766766ef1f89750ca8e46d37,edital1.pdf,,29,lote,,26,"56.63,161.76,538.69,195.12",tabela,batch
ae9bb9041333c4abcf1cfa4986e03ca613b28576766766ef1f89750ca8e46d37,edital1.pdf,,29,item,29,26,"56.63,161.76,538.69,195.12",tabela,batch
ae9bb9041333c4abcf1cfa4986e03ca613b28576766766ef1f89750ca8e46d37,edital1.pdf,,29,nome do produto,Mesa de reunião redonda I,26,"56.63,161.76,538.69,195.12",tabela,batch
ae9bb9041333c4abcf1cfa4986e03ca613b28576766766ef1f89750ca8e46d37,edital1.pdf,,29,quantidade,9734,26,"56.63,161.76,538.69,195.12",tabela,batch
ae9bb9041333c4abcf1cfa4986e03ca613b28576766766ef1f89750ca8e46d37,edital1.pdf,,29,valor_unitario,2150.0,26,"56.63,161.76,538.69,195.12",tabela,batch
ae9bb9041333c4abcf1cfa4986e03ca613b28576766766ef1f89750ca8e46d37,edital1.pdf,,30,lote,,26,"56.63,128.40,538.69,161.76",tabela,batch
ae9bb9041333c4abcf1cfa4986e03ca613b28576766766ef1f89750ca8e46d37,edital1.pdf,,30,item,30,26,"56.63,128.40,538.69,161.76",tabela,batch
ae9bb9041333c4abcf1cfa4986e03ca613b28576766766ef1f89750ca8e46d37,edital1.pdf,,30,nome do produto,Mesa de reunião redonda II,26,"56.63,128.40,538.69,161.76",tabela,batch
ae9bb9041333c4abcf1cfa4986e03ca613b28576766766ef1f89750ca8e46d37,edital1.pdf,,30,quantidade,9734,26,"56.63,128.40,538.69,161.76",tabela,batch
ae9bb9041333c4abcf1cfa4986e03ca613b28576766766ef1f89750ca8e46d37,edital1.pdf,,30,valor_unitario,3100.0,26,"56.63,128.40,538.69,161.76",tabela,batch
ae9bb9041333c4abcf1cfa4986e03ca613b28576766766ef1f89750ca8e46d37,edital1.pdf,,31,lote,,26,"56.63,74.52,538.69,128.40",tabela,batch
ae9bb9041333c4abcf1cfa4986e03ca613b28576766766ef1f89750ca8e46d37,edital1.pdf,,31,item,31,26,"56.63,74.52,538.69,128.40",tabela,batch
ae9bb9041333c4abcf1cfa4986e03ca613b28576766766ef1f89750ca8e46d37,edital1.pdf,,31,nome do produto,Mesa de recepção,26,"56.63,74.52,538.69,128.40",tabela,batch
ae9bb9041333c4abcf1cfa4986e03ca613b28576766766ef1f89750ca8e46d37,edital1.pdf,,31,quantidade,8464,26,"56.63,74.52,538.69,128.40",tabela,batch
ae9bb9041333c4abcf1cfa4986e03ca613b28576766766ef1f89750ca8e46d37,edital1.pdf,,31,valor_unitario,3150.0,26,"56.63,74.52,538.69,128.40",tabela,batch
ae9bb9041333c4abcf1cfa4986e03ca613b28576766766ef1f89750ca8e46d37,edital1.pdf,,36,lote,,27,"56.63,583.92,538.69,621.36",tabela,batch
ae9bb9041333c4abcf1cfa4986e03ca613b28576766766ef1f89750ca8e46d37,edital1.pdf,,36,item,36,27,"56.63,583.92,538.69,621.36",tabela,batch
ae9bb9041333c4abcf1cfa4986e03ca613b28576766766ef1f89750ca8e46d37,edital1.pdf,,36,nome do produto,Mesa de apoio I,27,"56.63,583.92,538.69,621.36",tabela,batch
ae9bb9041333c4abcf1cfa4986e03ca613b28576766766ef1f89750ca8e46d37,edital1.pdf,,36,quantidade,8464,27,"56.63,583.92,538.69,621.36",tabela,batch
ae9bb9041333c4abcf1cfa4986e03ca613b28576766766ef1f89750ca8e46d37,edital1.pdf,,36,valor_unitario,1979.1,27,"56.63,583.92,538.69,621.36",tabela,batch
ae9bb9041333c4abcf1cfa4986e03ca613b28576766766ef1f89750ca8e46d37,edital1.pdf,,37,lote,,27,"56.63,546.72,538.69,583.92",tabela,batch
ae9bb9041333c4abcf1cfa4986e03ca613b28576766766ef1f89750ca8e46d37,edital1.pdf,,37,item,37,27,"56.63,546.72,538.69,583.92",tabela,batch
ae9bb9041333c4abcf1cfa4986e03ca613b28576766766ef1f89750ca8e46d37,edital1.pdf,,37,nome do produto,Mesa de apoio II,27,"56.63,546.72,538.69,583.92",tabela,batch
ae9bb9041333c4abcf1cfa4986e03ca613b28576766766ef1f89750ca8e46d37,edital1.pdf,,37,quantidade,8464,27,"56.63,546.72,538.69,583.92",tabela,batch
ae9bb9041333c4abcf1cfa4986e03ca613b28576766766ef1f89750ca8e46d37,edital1.pdf,,37,valor_unitario,290.63,27,"56.63,546.72,538.69,583.92",tabela,batch
ae9bb9041333c4abcf1cfa4986e03ca613b28576766766ef1f89750ca8e46d37,edital1.pdf,,38,lote,,27,"56.63,513.36,538.69,546.72",tabela,batch
ae9bb9041333c4abcf1cfa4986e03ca613b28576766766ef1f89750ca8e46d37,edital1.pdf,,38,item,38,27,"56.63,513.36,538.69,546.72",tabela,batch
ae9bb9041333c4abcf1cfa4986e03ca613b28576766766ef1f89750ca8e46d37,edital1.pdf,,38,nome do produto,Mesa de reunião alta,27,"56.63,513.36,538.69,546.72",tabela,batch
ae9bb9041333c4abcf1cfa4986e03ca613b28576766766ef1f89750ca8e46d37,edital1.pdf,,38,quantidade,8464,27,"56.63,513.36,538.69,546.72",tabela,batch
ae9bb9041333c4abcf1cfa4986e03ca613b28576766766ef1f89750ca8e46d37,edital1.pdf,,38,valor_unitario,8000.0,27,"56.63,513.36,538.69,546.72",tabela,batch
ae9bb9041333c4abcf1cfa4986e03ca613b28576766766ef1f89750ca8e46d37,edital1.pdf,,39,lote,,27,"56.63,475.92,538.69,513.36",tabela,batch
ae9bb9041333c4abcf1cfa4986e03ca613b28576766766ef1f89750ca8e46d37,edital1.pdf,,39,item,39,27,"56.63,475.92,538.69,513.36",tabela,batch
ae9bb9041333c4abcf1cfa4986e03ca613b28576766766ef1f89750ca8e46d37,edital1.pdf,,39,nome do produto,Mesa de refeitório,27,"56.63,475.92,538.69,513.36",tabela,batch
ae9bb9041333c4abcf1cfa4986e03ca613b28576766766ef1f89750ca8e46d37,edital1.pdf,,39,quantidade,8464,27,"56.63,475.92,538.69,513.36",tabela,batch
ae9bb9041333c4abcf1cfa4986e03ca613b28576766766ef1f89750ca8e46d37,edital1.pdf,,39,valor_unitario,1425.91,27,"56.63,475.92,538.69,513.36",tabela,batch
ae9bb9041333c4abcf1cfa4986e03ca613b28576766766ef1f89750ca8e46d37,edital1.pdf,,40,lote,,27,"56.63,442.56,538.69,475.92",tabela,batch
ae9bb9041333c4abcf1cfa4986e03ca613b28576766766ef1f89750ca8e46d37,edital1.pdf,,40,item,40,27,"56.63,442.56,538.69,475.92",tabela,batch
ae9bb9041333c4abcf1cfa4986e03ca613b28576766766ef1f89750ca8e46d37,edital1.pdf,,40,nome do produto,Mesa com ombrelone não consta unidade,27,"56.63,442.56,538.69,475.92",tabela,batch
ae9bb9041333c4abcf1cfa4986e03ca613b28576766766ef1f89750ca8e46d37,edital1.pdf,,40,quantidade,10,27,"56.63,442.56,538.69,475.92",tabela,batch
ae9bb9041333c4abcf1cfa4986e03ca613b28576766766ef1f89750ca8e46d37,edital1.pdf,,40,valor_unitario,8000.0,27,"56.63,442.56,538.69,475.92",tabela,batch
ae9bb9041333c4abcf1cfa4986e03ca613b28576766766ef1f89750ca8e46d37,edital1.pdf,,41,lote,,27,"56.63,409.20,538.69,442.56",tabela,batch
ae9bb9041333c4abcf1cfa4986e03ca613b28576766766ef1f89750ca8e46d37,edital1.pdf,,41,item,41,27,"56.63,409.20,538.69,442.56",tabela,batch
ae9bb9041333c4abcf1cfa4986e03ca613b28576766766ef1f89750ca8e46d37,edital1.pdf,,41,nome do produto,Mesa sem ombrelone não consta unidade,27,"56.63,409.20,538.69,442.56",tabela,batch
ae9bb9041333c4abcf1cfa4986e03ca613b28576766766ef1f89750ca8e46d37,edital1.pdf,,41,quantidade,10,27,"56.63,409.20,538.69,442.56",tabela,batch
ae9bb9041333c4abcf1cfa4986e03ca613b28576766766ef1f89750ca8e46d37,edital1.pdf,,41,valor_unitario,6475.0,27,"56.63,409.20,538.69,442.56",tabela,batch
ae9bb9041333c4abcf1cfa4986e03ca613b28576766766ef1f89750ca8e46d37,edital1.pdf,,42,lote,,27,"56.63,371.76,538.69,409.20",tabela,batch
ae9bb9041333c4abcf1cfa4986e03ca613b28576766766ef1f89750ca8e46d37,edital1.pdf,,42,item,42,27,"56.63,371.76,538.69,409.20",tabela,batch
ae9bb9041333c4abcf1cfa4986e03ca613b28576766766ef1f89750ca8e46d37,edital1.pdf,,42,nome do produto,Mesa de centro externo não consta unidade,27,"56.63,371.76,538.69,409.20",tabela,batch
ae9bb9041333c4abcf1cfa4986e03ca613b28576766766ef1f89750ca8e46d37,edital1.pdf,,42,quantidade,7,27,"56.63,371.76,538.69,409.20",tabela,batch
ae9bb9041333c4abcf1cfa4986e03ca613b28576766766ef1f89750ca8e46d37,edital1.pdf,,42,valor_unitario,578.63,27,"56.63,371.76,538.69,409.20",tabela,batch
ae9bb9041333c4abcf1cfa4986e03ca613b28576766766ef1f89750ca8e46d37,edital1.pdf,,43,lote,,27,"56.63,334.56,538.69,371.76",tabela,batch
ae9bb9041333c4abcf1cfa4986e03ca613b28576766766ef1f89750ca8e46d37,edital1.pdf,,43,item,43,27,"56.63,334.56,538.69,371.76",tabela,batch
ae9bb9041333c4abcf1cfa4986e03ca613b28576766766ef1f89750ca8e46d37,edital1.pdf,,43,nome do produto,Poltrona externo,27,"56.63,334.56,538.69,371.76",tabela,batch
ae9bb9041333c4abcf1cfa4986e03ca613b28576766766ef1f89750ca8e46d37,edital1.pdf,,43,quantidade,3305,27,"56.63,334.56,538.69,371.76",tabela,batch
ae9bb9041333c4abcf1cfa4986e03ca613b28576766766ef1f89750ca8e46d37,edital1.pdf,,43,valor_unitario,1965.55,27,"56.63,334.56,538.69,371.76",tabela,batch
ae9bb9041333c4abcf1cfa4986e03ca613b28576766766ef1f89750ca8e46d37,edital1.pdf,,44,lote,,27,"56.63,297.12,538.69,334.56",tabela,batch
ae9bb9041333c4abcf1cfa4986e03ca613b28576766766ef1f89750ca8e46d37,edital1.pdf,,44,item,44,27,"56.63,297.12,538.69,334.56",tabela,batch
ae9bb9041333c4abcf1cfa4986e03ca613b28576766766ef1f89750ca8e46d37,edital1.pdf,,44,nome do produto,Sofá externo,27,"56.63,297.12,538.69,334.56",tabela,batch
ae9bb9041333c4abcf1cfa4986e03ca613b28576766766ef1f89750ca8e46d37,edital1.pdf,,44,quantidade,8655,27,"56.63,297.12,538.69,334.56",tabela,batch
ae9bb9041333c4abcf1cfa4986e03ca613b28576766766ef1f89750ca8e46d37,edital1.pdf,,44,valor_unitario,2971.6,27,"56.63,297.12,538.69,334.56",tabela,batch
ae9bb9041333c4abcf1cfa4986e03ca613b28576766766ef1f89750ca8e46d37,edital1.pdf,,45,lote,,27,"56.63,259.68,538.69,297.12",tabela,batch
ae9bb9041333c4abcf1cfa4986e03ca613b28576766766ef1f89750ca8e46d37,edital1.pdf,,45,item,45,27,"56.63,259.68,538.69,297.12",tabela,batch
ae9bb9041333c4abcf1cfa4986e03ca613b28576766766ef1f89750ca8e46d37,edital1.pdf,,45,nome do produto,Cadeira giratória alta,27,"56.63,259.68,538.69,297.12",tabela,batch
ae9bb9041333c4abcf1cfa4986e03ca613b28576766766ef1f89750ca8e46d37,edital1.pdf,,45,quantidade,331,27,"56.63,259.68,538.69,297.12",tabela,batch
ae9bb9041333c4abcf1cfa4986e03ca613b28576766766ef1f89750ca8e46d37,edital1.pdf,,45,valor_unitario,559.99,27,"56.63,259.68,538.69,297.12",tabela,batch
ae9bb9041333c4abcf1cfa4986e03ca613b28576766766ef1f89750ca8e46d37,edital1.pdf,,46,lote,,27,"56.63,226.32,538.69,259.68",tabela,batch
ae9bb9041333c4abcf1cfa4986e03ca613b28576766766ef1f89750ca8e46d37,edital1.pdf,,46,item,46,27,"56.63,226.32,538.69,259.68",tabela,batch
ae9bb9041333c4abcf1cfa4986e03ca613b28576766766ef1f89750ca8e46d37,edital1.pdf,,46,nome do produto,Cadeira fixa empilhável,27,"56.63,226.32,538.69,259.68",tabela,batch
ae9bb9041333c4abcf1cfa4986e03ca613b28576766766ef1f89750ca8e46d37,edital1.pdf,,46,quantidade,8130,27,"56.63,226.32,538.69,259.68",tabela,batch
ae9bb9041333c4abcf1cfa4986e03ca613b28576766766ef1f89750ca8e46d37,edital1.pdf,,46,valor_unitario,185.0,27,"56.63,226.32,538.69,259.68",tabela,batch
ae9bb9041333c4abcf1cfa4986e03ca613b28576766766ef1f89750ca8e46d37,edital1.pdf,,47,lote,,27,"56.63,172.56,538.69,226.32",tabela,batch
ae9bb9041333c4abcf1cfa4986e03ca613b28576766766ef1f89750ca8e46d37,edital1.pdf,,47,item,47,27,"56.63,172.56,538.69,226.32",tabela,batch
ae9bb9041333c4abcf1cfa4986e03ca613b28576766766ef1f89750ca8e46d37,edital1.pdf,,47,nome do produto,Cadeira de reunião,27,"56.63,172.56,538.69,226.32",tabela,batch
ae9bb9041333c4abcf1cfa4986e03ca613b28576766766ef1f89750ca8e46d37,edital1.pdf,,47,quantidade,7703,27,"56.63,172.56,538.69,226.32",tabela,batch
ae9bb9041333c4abcf1cfa4986e03ca613b28576766766ef1f89750ca8e46d37,edital1.pdf,,47,valor_unitario,589.9,27,"56.63,172.56,538.69,226.32",tabela,batch
ae9bb9041333c4abcf1cfa4986e03ca613b28576766766ef1f89750ca8e46d37,edital1.pdf,,48,lote,,27,"56.63,135.24,538.69,172.56",tabela,batch
ae9bb9041333c4abcf1cfa4986e03ca613b28576766766ef1f89750ca8e46d37,edital1.pdf,,48,item,48,27,"56.63,135.24,538.69,172.56",tabela,batch
ae9bb9041333c4abcf1cfa4986e03ca613b28576766766ef1f89750ca8e46d37,edital1.pdf,,48,nome do produto,Cadeira giratória até,27,"56.63,135.24,538.69,172.56",tabela,batch
ae9bb9041333c4abcf1cfa4986e03ca613b28576766766ef1f89750ca8e46d37,edital1.pdf,,48,quantidade,250,27,"56.63,135.24,538.69,172.56",tabela,batch
ae9bb9041333c4abcf1cfa4986e03ca613b28576766766ef1f89750ca8e46d37,edital1.pdf,,48,valor_unitario,3079.77,27,"56.63,135.24,538.69,172.56",tabela,batch
ae9bb9041333c4abcf1cfa4986e03ca613b28576766766ef1f89750ca8e46d37,edital1.pdf,,0,garantia,6,31,,cabeçalho,batch
ae9bb9041333c4abcf1cfa4986e03ca613b28576766766ef1f89750ca8e46d37,edital1.pdf,,0,normas_técnicas,NBR 13962; NBR 9050; NR 17,30,,cabeçalho,batch
ae9bb9041333c4abcf1cfa4986e03ca613b28576766766ef1f89750ca8e46d37,edital1.pdf,,1,garantia,6,31,,cabeçalho,batch
ae9bb9041333c4abcf1cfa4986e03ca613b28576766766ef1f89750ca8e46d37,edital1.pdf,,1,normas_técnicas,NBR 13962; NBR 9050; NR 17,30,,cabeçalho,batch
ae9bb9041333c4abcf1cfa4986e03ca613b28576766766ef1f89750ca8e46d37,edital1.pdf,,2,garantia,6,31,,cabeçalho,batch
ae9bb9041333c4abcf1cfa4986e03ca613b28576766766ef1f89750ca8e46d37,edital1.pdf,,2,normas_técnicas,NBR 13962; NBR 9050; NR 17,30,,cabeçalho,batch
ae9bb9041333c4abcf1cfa4986e03ca613b28576766766ef1f89750ca8e46d37,edital1.pdf,,3,garantia,6,31,,cabeçalho,batch
ae9bb9041333c4abcf1cfa4986e03ca613b28576766766ef1f89750ca8e46d37,edital1.pdf,,3,normas_técnicas,NBR 13962; NBR 9050; NR 17,30,,cabeçalho,batch
ae9bb9041333c4abcf1cfa4986e03ca613b28576766766ef1f89750ca8e46d37,edital1.pdf,,4,garantia,6,31,,cabeçalho,batch
ae9bb9041333c4abcf1cfa4986e03ca613b28576766766ef1f89750ca8e46d37,edital1.pdf,,4,normas_técnicas,NBR 13962; NBR 9050; NR 17,30,,cabeçalho,batch
ae9bb9041333c4abcf1cfa4986e03ca613b28576766766ef1f89750ca8e46d37,edital1.pdf,,5,garantia,6,31,,cabeçalho,batch
ae9bb9041333c4abcf1cfa4986e03ca613b28576766766ef1f89750ca8e46d37,edital1.pdf,,5,normas_técnicas,NBR 13962; NBR 9050; NR 17,30,,cabeçalho,batch
ae9bb9041333c4abcf1cfa4986e03ca613b28576766766ef1f89750ca8e46d37,edital1.pdf,,6,garantia,6,31,,cabeçalho,batch
ae9bb9041333c4abcf1cfa4986e03ca613b28576766766ef1f89750ca8e46d37,edital1.pdf,,6,normas_técnicas,NBR 13962; NBR 9050; NR 17,30,,cabeçalho,batch
ae9bb9041333c4abcf1cfa4986e03ca613b28576766766ef1f89750ca8e46d37,edital1.pdf,,7,garantia,6,31,,cabeçalho,batch
ae9bb9041333c4abcf1cfa4986e03ca613b28576766766ef1f89750ca8e46d37,edital1.pdf,,7,normas_técnicas,NBR 13962; NBR 9050; NR 17,30,,cabeçalho,batch
ae9bb9041333c4abcf1cfa4986e03ca613b28576766766ef1f89750ca8e46d37,edital1.pdf,,8,garantia,6,31,,cabeçalho,batch
ae9bb9041333c4abcf1cfa4986e03ca613b28576766766ef1f89750ca8e46d37,edital1.pdf,,8,normas_técnicas,NBR 13962; NBR 9050; NR 17,30,,cabeçalho,batch
ae9bb9041333c4abcf1cfa4986e03ca613b28576766766ef1f89750ca8e46d37,edital1.pdf,,9,garantia,6,31,,cabeçalho,batch
ae9bb9041333c4abcf1cfa4986e03ca613b28576766766ef1f89750ca8e46d37,edital1.pdf,,9,normas_técnicas,NBR 13962; NBR 9050; NR 17,30,,cabeçalho,batch
ae9bb9041333c4abcf1cfa4986e03ca613b28576766766ef1f89750ca8e46d37,edital1.pdf,,10,garantia,6,31,,cabeçalho,batch
ae9bb9041333c4abcf1cfa4986e03ca613b28576766766ef1f89750ca8e46d37,edital1.pdf,,10,normas_técnicas,NBR 13962; NBR 9050; NR 17,30,,cabeçalho,batch
ae9bb9041333c4abcf1cfa4986e03ca613b28576766766ef1f89750ca8e46d37,edital1.pdf,,11,garantia,6,31,,cabeçalho,batch
ae9bb9041333c4abcf1cfa4986e03ca613b28576766766ef1f89750ca8e46d37,edital1.pdf,,11,normas_técnicas,NBR 13962; NBR 9050; NR 17,30,,cabeçalho,batch
ae9bb9041333c4abcf1cfa4986e03ca613b28576766766ef1f89750ca8e46d37,edital1.pdf,,12,garantia,6,31,,cabeçalho,batch
ae9bb9041333c4abcf1cfa4986e03ca613b28576766766ef1f89750ca8e46d37,edital1.pdf,,12,normas_técnicas,NBR 13962; NBR 9050; NR 17,30,,cabeçalho,batch
ae9bb9041333c4abcf1cfa4986e03ca613b28576766766ef1f89750ca8e46d37,edital1.pdf,,13,garantia,6,31,,cabeçalho,batch
ae9bb9041333c4abcf1cfa4986e03ca613b28576766766ef1f89750ca8e46d37,edital1.pdf,,13,normas_técnicas,NBR 13962; NBR 9050; NR 17,30,,cabeçalho,batch
ae9bb9041333c4abcf1cfa4986e03ca613b28576766766ef1f89750ca8e46d37,edital1.pdf,,15,garantia,6,31,,cabeçalho,batch
ae9bb9041333c4abcf1cfa4986e03ca613b28576766766ef1f89750ca8e46d37,edital1.pdf,,15,normas_técnicas,NBR 13962; NBR 9050; NR 17,30,,cabeçalho,batch
ae9bb9041333c4abcf1cfa4986e03ca613b28576766766ef1f89750ca8e46d37,edital1.pdf,,16,garantia,6,31,,cabeçalho,batch
ae9bb9041333c4abcf1cfa4986e03ca613b28576766766ef1f89750ca8e46d37,edital1.pdf,,16,normas_técnicas,NBR 13962; NBR 9050; NR 17,30,,cabeçalho,batch
ae9bb9041333c4abcf1cfa4986e03ca613b28576766766ef1f89750ca8e46d37,edital1.pdf,,17,garantia,6,31,,cabeçalho,batch
ae9bb9041333c4abcf1cfa4986e03ca613b28576766766ef1f89750ca8e46d37,edital1.pdf,,17,normas_técnicas,NBR 13962; NBR 9050; NR 17,30,,cabeçalho,batch
ae9bb9041333c4abcf1cfa4986e03ca613b28576766766ef1f89750ca8e46d37,edital1.pdf,,18,garantia,6,31,,cabeçalho,batch
ae9bb9041333c4abcf1cfa4986e03ca613b28576766766ef1f89750ca8e46d37,edital1.pdf,,18,normas_técnicas,NBR 13962; NBR 9050; NR 17,30,,cabeçalho,batch
ae9bb9041333c4abcf1cfa4986e03ca613b28576766766ef1f89750ca8e46d37,edital1.pdf,,19,garantia,6,31,,cabeçalho,batch
ae9bb9041333c4abcf1cfa4986e03ca613b28576766766ef1f89750ca8e46d37,edital1.pdf,,19,normas_técnicas,NBR 13962; NBR 9050; NR 17,30,,cabeçalho,batch
ae9bb9041333c4abcf1cfa4986e03ca613b28576766766ef1f89750ca8e46d37,edital1.pdf,,20,garantia,6,31,,cabeçalho,batch
ae9bb9041333c4abcf1cfa4986e03ca613b28576766766ef1f89750ca8e46d37,edital1.pdf,,20,normas_técnicas,NBR 13962; NBR 9050; NR 17,30,,cabeçalho,batch
ae9bb9041333c4abcf1cfa4986e03ca613b28576766766ef1f89750ca8e46d37,edital1.pdf,,21,garantia,6,31,,cabeçalho,batch
ae9bb9041333c4abcf1cfa4986e03ca613b28576766766ef1f89750ca8e46d37,edital1.pdf,,21,normas_técnicas,NBR 13962; NBR 9050; NR 17,30,,cabeçalho,batch
ae9bb9041333c4abcf1cfa4986e03ca613b28576766766ef1f89750ca8e46d37,edital1.pdf,,22,garantia,6,31,,cabeçalho,batch
ae9bb9041333c4abcf1cfa4986e03ca613b28576766766ef1f89750ca8e46d37,edital1.pdf,,22,normas_técnicas,NBR 13962; NBR 9050; NR 17,30,,cabeçalho,batch
ae9bb9041333c4abcf1cfa4986e03ca613b28576766766ef1f89750ca8e46d37,edital1.pdf,,23,garantia,6,31,,cabeçalho,batch
ae9bb9041333c4abcf1cfa4986e03ca613b28576766766ef1f89750ca8e46d37,edital1.pdf,,23,normas_técnicas,NBR 13962; NBR 9050; NR 17,30,,cabeçalho,batch
ae9bb9041333c4abcf1cfa4986e03ca613b28576766766ef1f89750ca8e46d37,edital1.pdf,,24,garantia,6,31,,cabeçalho,batch
ae9bb9041333c4abcf1cfa4986e03ca613b28576766766ef1f89750ca8e46d37,edital1.pdf,,24,normas_técnicas,NBR 13962; NBR 9050; NR 17,30,,cabeçalho,batch
ae9bb9041333c4abcf1cfa4986e03ca613b28576766766ef1f89750ca8e46d37,edital1.pdf,,25,garantia,6,31,,cabeçalho,batch
ae9bb9041333c4abcf1cfa4986e03ca613b28576766766ef1f89750ca8e46d37,edital1.pdf,,25,normas_técnicas,NBR 13962; NBR 9050; NR 17,30,,cabeçalho,batch
ae9bb9041333c4abcf1cfa4986e03ca613b28576766766ef1f89750ca8e46d37,edital1.pdf,,26,garantia,6,31,,cabeçalho,batch
ae9bb9041333c4abcf1cfa4986e03ca613b28576766766ef1f89750ca8e46d37,edital1.pdf,,26,normas_técnicas,NBR 13962; NBR 9050; NR 17,30,,cabeçalho,batch
ae9bb9041333c4abcf1cfa4986e03ca613b28576766766ef1f89750ca8e46d37,edital1.pdf,,27,garantia,6,31,,cabeçalho,batch
ae9bb9041333c4abcf1cfa4986e03ca613b28576766766ef1f89750ca8e46d37,edital1.pdf,,27,normas_técnicas,NBR 13962; NBR 9050; NR 17,30,,cabeçalho,batch
ae9bb9041333c4abcf1cfa4986e03ca613b28576766766ef1f89750ca8e46d37,edital1.pdf,,28,garantia,6,31,,cabeçalho,batch
ae9bb9041333c4abcf1cfa4986e03ca613b28576766766ef1f89750ca8e46d37,edital1.pdf,,28,normas_técnicas,NBR 13962; NBR 9050; NR 17,30,,cabeçalho,batch
ae9bb9041333c4abcf1cfa4986e03ca613b28576766766ef1f89750ca8e46d37,edital1.pdf,,29,garantia,6,31,,cabeçalho,batch
ae9bb9041333c4abcf1cfa4986e03ca613b28576766766ef1f89750ca8e46d37,edital1.pdf,,29,normas_técnicas,NBR 13962; NBR 9050; NR 17,30,,cabeçalho,batch
ae9bb9041333c4abcf1cfa4986e03ca613b28576766766ef1f89750ca8e46d37,edital1.pdf,,30,garantia,6,31,,cabeçalho,batch
ae9bb9041333c4abcf1cfa4986e03ca613b28576766766ef1f89750ca8e46d37,edital1.pdf,,30,normas_técnicas,NBR 13962; NBR 9050; NR 17,30,,cabeçalho,batch
ae9bb9041333c4abcf1cfa4986e03ca613b28576766766ef1f89750ca8e46d37,edital1.pdf,,31,garantia,6,31,,cabeçalho,batch
ae9bb9041333c4abcf1cfa4986e03ca613b28576766766ef1f89750ca8e46d37,edital1.pdf,,31,normas_técnicas,NBR 13962; NBR 9050; NR 17,30,,cabeçalho,batch
ae9bb9041333c4abcf1cfa4986e03ca613b28576766766ef1f89750ca8e46d37,edital1.pdf,,36,garantia,6,31,,cabeçalho,batch
ae9bb9041333c4abcf1cfa4986e03ca613b28576766766ef1f89750ca8e46d37,edital1.pdf,,36,normas_técnicas,NBR 13962; NBR 9050; NR 17,30,,cabeçalho,batch
ae9bb9041333c4abcf1cfa4986e03ca613b28576766766ef1f89750ca8e46d37,edital1.pdf,,37,garantia,6,31,,cabeçalho,batch
ae9bb9041333c4abcf1cfa4986e03ca613b28576766766ef1f89750ca8e46d37,edital1.pdf,,37,normas_técnicas,NBR 13962; NBR 9050; NR 17,30,,cabeçalho,batch
ae9bb9041333c4abcf1cfa4986e03ca613b28576766766ef1f89750ca8e46d37,edital1.pdf,,38,garantia,6,31,,cabeçalho,batch
ae9bb9041333c4abcf1cfa4986e03ca613b28576766766ef1f89750ca8e46d37,edital1.pdf,,38,normas_técnicas,NBR 13962; NBR 9050; NR 17,30,,cabeçalho,batch
ae9bb9041333c4abcf1cfa4986e03ca613b28576766766ef1f89750ca8e46d37,edital1.pdf,,39,garantia,6,31,,cabeçalho,batch
ae9bb9041333c4abcf1cfa4986e03ca613b28576766766ef1f89750ca8e46d37,edital1.pdf,,39,normas_técnicas,NBR 13962; NBR 9050; NR 17,30,,cabeçalho,batch
ae9bb9041333c4abcf1cfa4986e03ca613b28576766766ef1f89750ca8e46d37,edital1.pdf,,40,garantia,6,31,,cabeçalho,batch
ae9bb9041333c4abcf1cfa4986e03ca613b28576766766ef1f89750ca8e46d37,edital1.pdf,,40,normas_técnicas,NBR 13962; NBR 9050; NR 17,30,,cabeçalho,batch
ae9bb9041333c4abcf1cfa4986e03ca613b28576766766ef1f89750ca8e46d37,edital1.pdf,,41,garantia,6,31,,cabeçalho,batch
ae9bb9041333c4abcf1cfa4986e03ca613b28576766766ef1f89750ca8e46d37,edital1.pdf,,41,normas_técnicas,NBR 13962; NBR 9050; NR 17,30,,cabeçalho,batch
ae9bb9041333c4abcf1cfa4986e03ca613b28576766766ef1f89750ca8e46d37,edital1.pdf,,42,garantia,6,31,,cabeçalho,batch
ae9bb9041333c4abcf1cfa4986e03ca613b28576766766ef1f89750ca8e46d37,edital1.pdf,,42,normas_técnicas,NBR 13962; NBR 9050; NR 17,30,,cabeçalho,batch
ae9bb9041333c4abcf1cfa4986e03ca613b28576766766ef1f89750ca8e46d37,edital1.pdf,,43,garantia,6,31,,cabeçalho,batch
ae9bb9041333c4abcf1cfa4986e03ca613b28576766766ef1f89750ca8e46d37,edital1.pdf,,43,normas_técnicas,NBR 13962; NBR 9050; NR 17,30,,cabeçalho,batch
ae9bb9041333c4abcf1cfa4986e03ca613b28576766766ef1f89750ca8e46d37,edital1.pdf,,44,garantia,6,31,,cabeçalho,batch
ae9bb9041333c4abcf1cfa4986e03ca613b28576766766ef1f89750ca8e46d37,edital1.pdf,,44,normas_técnicas,NBR 13962; NBR 9050; NR 17,30,,cabeçalho,batch
ae9bb9041333c4abcf1cfa4986e03ca613b28576766766ef1f89750ca8e46d37,edital1.pdf,,45,garantia,6,31,,cabeçalho,batch
ae9bb9041333c4abcf1cfa4986e03ca613b28576766766ef1f89750ca8e46d37,edital1.pdf,,45,normas_técnicas,NBR 13962; NBR 9050; NR 17,30,,cabeçalho,batch
ae9bb9041333c4abcf1cfa4986e03ca613b28576766766ef1f89750ca8e46d37,edital1.pdf,,46,garantia,6,31,,cabeçalho,batch
ae9bb9041333c4abcf1cfa4986e03ca613b28576766766ef1f89750ca8e46d37,edital1.pdf,,46,normas_técnicas,NBR 13962; NBR 9050; NR 17,30,,cabeçalho,batch
ae9bb9041333c4abcf1cfa4986e03ca613b28576766766ef1f89750ca8e46d37,edital1.pdf,,47,garantia,6,31,,cabeçalho,batch
ae9bb9041333c4abcf1cfa4986e03ca613b28576766766ef1f89750ca8e46d37,edital1.pdf,,47,normas_técnicas,NBR 13962; NBR 9050; NR 17,30,,cabeçalho,batch
ae9bb9041333c4abcf1cfa4986e03ca613b28576766766ef1f89750ca8e46d37,edital1.pdf,,48,garantia,6,31,,cabeçalho,batch
ae9bb9041333c4abcf1cfa4986e03ca613b28576766766ef1f89750ca8e46d37,edital1.pdf,,48,normas_técnicas,NBR 13962; NBR 9050; NR 17,30,,cabeçalho,batch
8e27d806a17a94ad95ec06977ccce679fff3f3eaf8425cc14e1650ebc4e64113,edital19.pdf,01,1,lote,01,22,"65.26,345.26,558.37,436.20",tabela,batch
8e27d806a17a94ad95ec06977ccce679fff3f3eaf8425cc14e1650ebc4e64113,edital19.pdf,01,1,item,1,22,"65.26,345.26,558.37,436.20",tabela,batch
8e27d806a17a94ad95ec06977ccce679fff3f3eaf8425cc14e1650ebc4e64113,edital19.pdf,01,1,nome do produto,POLTRONA PARA AUDITÓRIO NORMAL (maiores detalhes vide ANEXO MEMORIAL DESCRITIVO,22,"65.26,345.26,558.37,436.20",tabela,batch
8e27d806a17a94ad95ec06977ccce679fff3f3eaf8425cc14e1650ebc4e64113,edital19.pdf,01,1,quantidade,3118,22,"65.26,345.26,558.37,436.20",tabela,batch
8e27d806a17a94ad95ec06977ccce679fff3f3eaf8425cc14e1650ebc4e64113,edital19.pdf,01,2,lote,01,22,"65.26,239.69,558.37,345.26",tabela,batch
8e27d806a17a94ad95ec06977ccce679fff3f3eaf8425cc14e1650ebc4e64113,edital19.pdf,01,2,item,2,22,"65.26,239.69,558.37,345.26",tabela,batch
8e27d806a17a94ad95ec06977ccce679fff3f3eaf8425cc14e1650ebc4e64113,edital19.pdf,01,2,nome do produto,POLTRONA PARA AUDITÓRIO P.M.R. (PORTADOR DE MOBILIDADE REDUZIDA) (maiores detalhes vide ANEXO MEMORIAL DESCRITIVO,22,"65.26,239.69,558.37,345.26",tabela,batch
8e27d806a17a94ad95ec06977ccce679fff3f3eaf8425cc14e1650ebc4e64113,edital19.pdf,01,2,quantidade,3118,22,"65.26,239.69,558.37,345.26",tabela,batch
8e27d806a17a94ad95ec06977ccce679fff3f3eaf8425cc14e1650ebc4e64113,edital19.pdf,01,3,lote,01,22,"65.26,148.76,558.37,239.69",tabela,batch
8e27d806a17a94ad95ec06977ccce679fff3f3eaf8425cc14e1650ebc4e64113,edital19.pdf,01,3,item,3,22,"65.26,148.76,558.37,239.69",tabela,batch
8e27d806a17a94ad95ec06977ccce679fff3f3eaf8425cc14e1650ebc4e64113,edital19.pdf,01,3,nome do produto,POLTRONA PARA AUDITÓRIO OBESOS (maiores detalhes vide ANEXO MEMORIAL DESCRITIVO,22,"65.26,148.76,558.37,239.69",tabela,batch
8e27d806a17a94ad95ec06977ccce679fff3f3eaf8425cc14e1650ebc4e64113,edital19.pdf,01,3,quantidade,3118,22,"65.26,148.76,558.37,239.69",tabela,batch
8e27d806a17a94ad95ec06977ccce679fff3f3eaf8425cc14e1650ebc4e64113,edital19.pdf,01,1,normas_técnicas,ISO 14020; ISO 14024; ISO 4628; NBR 17088; NBR 5841; NBR 8537; NBR 8754; NBR 9178; NBR 9925,43,,cabeçalho,batch
8e27d806a17a94ad95ec06977ccce679fff3f3eaf8425cc14e1650ebc4e64113,edital19.pdf,01,2,normas_técnicas,ISO 14020; ISO 14024; ISO 4628; NBR 17088; NBR 5841; NBR 8537; NBR 8754; NBR 9178; NBR 9925,43,,cabeçalho,batch
8e27d806a17a94ad95ec06977ccce679fff3f3eaf8425cc14e1650ebc4e64113,edital19.pdf,01,3,normas_técnicas,ISO 14020; ISO 14024; ISO 4628; NBR 17088; NBR 5841; NBR 8537; NBR 8754; NBR 9178; NBR 9925,43,,cabeçalho,batch
